"","X","season","year","Team","Point.Diff.Rank","Point.Diff","W","L","Win.","Exp.W82","Exp.W","Win.Diff.Rank","Win.Diff","Offense.Rank","Offense","Defense.Rank","Defense","Spread.Diff.Rank","Spread.Diff","LAST.2.WEEKS..W","LAST.2.WEEKS..L","LAST.2.WEEKS..Point.Diff.Rank","LAST.2.WEEKS..Point.Diff","LAST.2.WEEKS..Offense.Rank","LAST.2.WEEKS..Offense","LAST.2.WEEKS..Defense.Rank","LAST.2.WEEKS..Defense","LAST.2.WEEKS..Spread.Diff.Rank","LAST.2.WEEKS..Spread.Diff","Conference"
"1",1,"2022-2023",2023,"Average",NA,NA,41,41,"",NA,NA,NA,NA,NA,115.1,NA,115.1,NA,NA,3.9,3.9,NA,NA,NA,116,NA,116,NA,NA,NA
"2",2,"2022-2023",2023,"Boston",1,6.9,57,25,"69.5%",57.2,57.2,16,-0.2,4,118.3,3,111.5,11,0.5,6,2,2,12.4,7,119.6,2,107.2,1,8.3,"EAST"
"3",3,"2022-2023",2023,"Cleveland",2,5.8,51,31,"62.2%",55,55,28,-4,7,116.7,1,111,6,1.5,4,3,11,3.5,19,115.5,6,112,20,-0.9,"EAST"
"4",4,"2022-2023",2023,"Memphis",3,5,51,31,"62.2%",53.2,53.2,21,-2.2,11,116.2,2,111.3,15,-0.2,5,4,18,0.2,18,115.5,16,115.3,26,-3.4,"WEST"
"5",5,"2022-2023",2023,"Milwaukee",4,4.4,58,24,"70.7%",51.9,51.9,1,6.1,13,115.9,4,111.5,23,-1.1,5,3,19,0,3,122.1,27,122,30,-7.6,"EAST"
"6",6,"2022-2023",2023,"Philadelphia",5,4.3,54,28,"65.9%",51.4,51.4,7,2.6,3,118.3,10,114,7,1.5,5,3,17,1,6,119.8,24,118.8,10,2.1,"EAST"
"7",7,"2022-2023",2023,"Denver",6,3.8,53,29,"64.6%",50.1,50.1,6,2.9,5,118.3,17,114.6,19,-0.6,3,5,22,-3.7,28,110.1,11,113.9,27,-3.9,"WEST"
"8",8,"2022-2023",2023,"New York",7,3.4,47,35,"57.3%",49.3,49.3,22,-2.3,2,118.7,19,115.3,2,2.3,5,2,3,9.7,1,126.1,18,116.3,9,2.4,"EAST"
"9",9,"2022-2023",2023,"Sacramento",8,2.4,48,34,"58.5%",46.8,46.8,9,1.2,1,119.7,25,117.3,10,0.8,3,5,10,3.8,9,118.7,14,114.8,16,-0.5,"WEST"
"10",10,"2022-2023",2023,"Golden State",9,2.4,44,38,"53.7%",46.9,46.9,24,-2.9,8,116.6,12,114.2,24,-1.2,5,2,1,17.6,2,124.7,1,107.1,2,5.6,"WEST"
"11",11,"2022-2023",2023,"New Orleans",10,1.8,42,40,"51.2%",45.6,45.6,25,-3.6,18,115,6,113.1,8,1.2,5,3,8,4.1,14,116.9,8,112.8,8,2.6,"WEST"
"12",12,"2022-2023",2023,"Toronto",11,1.5,41,41,"50.0%",44.8,44.8,27,-3.8,12,115.9,14,114.4,22,-1.1,5,3,5,5.9,10,118.1,7,112.2,15,0.1,"EAST"
"13",13,"2022-2023",2023,"Phoenix",12,1.3,45,37,"54.9%",44.2,44.2,13,0.8,17,115.1,9,113.8,13,0.2,6,2,6,4.7,16,115.8,4,111.1,12,0.7,"WEST"
"14",14,"2022-2023",2023,"Chicago",13,1.3,40,42,"48.8%",44.2,44.2,29,-4.2,24,113.8,5,112.5,4,1.6,5,4,13,2.3,17,115.5,9,113.2,7,3.2,"EAST"
"15",15,"2022-2023",2023,"Brooklyn",14,1,45,37,"54.9%",43.5,43.5,8,1.5,14,115.4,15,114.5,16,-0.2,5,3,14,1.4,20,115.3,12,113.9,25,-2.8,"EAST"
"16",16,"2022-2023",2023,"Oklahoma City",15,0.6,40,42,"48.8%",42.6,42.6,23,-2.6,16,115.1,16,114.5,1,3.1,4,4,15,1.2,12,117.5,17,116.3,24,-2.8,"WEST"
"17",17,"2022-2023",2023,"Minnesota",16,0.5,42,40,"51.2%",42.3,42.3,17,-0.3,23,114.2,8,113.7,17,-0.5,5,3,12,2.7,21,114.3,5,111.6,17,-0.8,"WEST"
"18",18,"2022-2023",2023,"LA Lakers",17,0.4,43,39,"52.4%",42.1,42.1,12,0.9,20,114.8,13,114.3,3,1.8,6,2,4,7.7,4,121.8,13,114.2,21,-0.9,"WEST"
"19",19,"2022-2023",2023,"Dallas",18,0.3,38,44,"46.3%",41.7,41.7,26,-3.7,6,117.2,23,116.9,29,-2.2,2,6,21,-2.7,13,116.9,25,119.6,28,-5.6,"WEST"
"20",20,"2022-2023",2023,"Atlanta",19,0.1,41,41,"50.0%",41.2,41.2,15,-0.2,9,116.3,21,116.3,26,-1.5,4,4,16,1,8,119.3,22,118.3,22,-1.5,"EAST"
"21",21,"2022-2023",2023,"Miami",20,-0.1,44,38,"53.7%",40.8,40.8,4,3.2,25,113.3,7,113.4,30,-2.5,4,3,9,3.9,11,117.5,10,113.7,5,3.7,"EAST"
"22",22,"2022-2023",2023,"LA Clippers",21,-0.3,44,38,"53.7%",40.2,40.2,2,3.8,22,114.4,18,114.8,25,-1.4,5,2,7,4.2,5,121.4,19,117.2,14,0.3,"WEST"
"23",23,"2022-2023",2023,"Utah",22,-0.9,37,45,"45.1%",38.9,38.9,20,-1.9,10,116.3,24,117.2,12,0.3,2,6,23,-4.8,27,110.4,15,115.2,4,3.9,"WEST"
"24",24,"2022-2023",2023,"Washington",23,-1.7,35,47,"42.7%",36.9,36.9,19,-1.9,19,114.9,22,116.5,9,1.1,2,6,24,-6,24,111.8,21,117.8,3,4.5,"EAST"
"25",25,"2022-2023",2023,"Orlando",24,-2.4,34,48,"41.5%",34.9,34.9,18,-0.9,26,111.8,11,114.2,5,1.6,3,5,20,-1.3,29,109.3,3,110.6,23,-1.7,"EAST"
"26",26,"2022-2023",2023,"Portland",25,-3.8,33,49,"40.2%",31.8,31.8,10,1.2,15,115.3,27,119.1,27,-1.5,1,8,30,-19.2,30,104.6,29,123.8,29,-5.7,"WEST"
"27",27,"2022-2023",2023,"Indiana",26,-4.1,35,47,"42.7%",31.2,31.2,3,3.8,21,114.7,26,118.7,14,0,2,5,29,-10.5,15,116.2,30,126.8,18,-0.8,"EAST"
"28",28,"2022-2023",2023,"Charlotte",27,-6.2,27,55,"32.9%",25.9,25.9,11,1.1,30,109.4,20,115.6,20,-0.6,3,4,26,-6.5,26,110.9,20,117.4,6,3.4,"EAST"
"29",29,"2022-2023",2023,"Detroit",28,-8.6,17,65,"20.7%",21.2,21.2,30,-4.2,29,110.6,28,119.2,18,-0.5,1,7,28,-10.1,25,111,26,121.1,19,-0.8,"EAST"
"30",30,"2022-2023",2023,"Houston",29,-8.6,22,60,"26.8%",21.3,21.3,14,0.7,27,111,29,119.7,21,-0.7,4,4,25,-6,23,112.3,23,118.4,11,0.9,"WEST"
"31",31,"2022-2023",2023,"San Antonio",30,-9.9,22,60,"26.8%",19,19,5,3,28,110.9,30,120.9,28,-2.2,3,5,27,-9.4,22,114.2,28,123.6,13,0.5,"WEST"
"32",32,"2021-2022",2022,"Average",NA,NA,41,41,"",NA,NA,NA,NA,NA,112.3,NA,112.3,NA,NA,3.9,3.9,NA,NA,NA,116.3,NA,116.3,NA,NA,NA
"33",33,"2021-2022",2022,"Phoenix",1,8.5,64,18,"78.0%",60.9,60.9,6,3.1,3,116.1,3,107.6,5,1.5,4,4,17,-0.6,27,108.2,1,108.8,28,-6.7,"WEST"
"34",34,"2021-2022",2022,"Boston",2,7.4,51,31,"62.2%",58.8,58.8,29,-7.8,10,114.3,1,106.9,1,3.3,5,3,3,13.8,4,123.6,6,109.8,2,8,"EAST"
"35",35,"2021-2022",2022,"Utah",3,7,49,33,"59.8%",57.5,57.5,30,-8.5,1,117.6,9,110.6,20,-0.7,4,4,6,7.8,11,119,7,111.2,16,-0.1,"WEST"
"36",36,"2021-2022",2022,"Memphis",4,6.2,56,26,"68.3%",56.1,56.1,17,-0.1,4,115.8,5,109.6,2,3.1,4,3,12,3.5,18,115.3,8,111.8,10,2.8,"WEST"
"37",37,"2021-2022",2022,"Golden State",5,5.2,53,29,"64.6%",54.2,54.2,22,-1.2,17,112.8,2,107.6,12,0.9,5,3,13,2.6,25,111.6,2,108.9,14,0.5,"WEST"
"38",38,"2021-2022",2022,"Miami",6,5.1,53,29,"64.6%",53.6,53.6,20,-0.6,11,114.2,4,109.2,8,1.2,6,1,5,10.3,5,122.7,10,112.5,3,7.6,"EAST"
"39",39,"2021-2022",2022,"Dallas",7,3.8,52,30,"63.4%",50.5,50.5,9,1.5,12,114.1,8,110.3,9,1.2,7,1,2,14.4,1,130.4,14,116,5,4.3,"WEST"
"40",40,"2021-2022",2022,"Milwaukee",8,3.6,51,31,"62.2%",50,50,14,1,5,115.6,14,112,26,-1.8,5,3,16,0.3,10,119.4,22,119.1,22,-2.8,"EAST"
"41",41,"2021-2022",2022,"Philadelphia",9,3.3,51,31,"62.2%",49.4,49.4,8,1.6,13,114,11,110.7,19,-0.6,5,4,7,5.7,7,121.7,15,116,18,-1,"EAST"
"42",42,"2021-2022",2022,"Minnesota",10,3.2,46,36,"56.1%",49,49,25,-3,7,114.7,13,111.6,6,1.4,3,4,25,-7.6,16,116.1,29,123.8,30,-10.8,"WEST"
"43",43,"2021-2022",2022,"Toronto",11,2.2,48,34,"58.5%",46.6,46.6,10,1.4,16,112.9,10,110.7,11,1.1,6,2,9,4.7,22,113.9,4,109.2,16,-0.1,"EAST"
"44",44,"2021-2022",2022,"Denver",12,2.1,48,34,"58.5%",46.4,46.4,7,1.6,9,114.6,15,112.4,17,-0.3,4,3,15,2.2,9,120.3,17,118.1,26,-5.2,"WEST"
"45",45,"2021-2022",2022,"Cleveland",13,1.9,44,38,"53.7%",45.8,45.8,24,-1.8,19,111.8,6,110,3,2.4,3,5,19,-1.8,14,117,21,118.9,19,-1.3,"EAST"
"46",46,"2021-2022",2022,"Atlanta",14,1.5,43,39,"52.4%",44.6,44.6,23,-1.6,2,116.3,26,114.8,21,-0.8,6,2,4,10.3,3,124.7,12,114.5,6,4.1,"EAST"
"47",47,"2021-2022",2022,"Charlotte",15,1.2,43,39,"52.4%",44,44,21,-1,6,114.8,20,113.6,10,1.1,5,3,11,3.9,6,122,19,118.1,12,1.1,"EAST"
"48",48,"2021-2022",2022,"Brooklyn",16,1,44,38,"53.7%",43.6,43.6,16,0.4,8,114.7,21,113.6,27,-1.9,5,3,10,4.6,12,117.4,11,112.8,24,-5.1,"EAST"
"49",49,"2021-2022",2022,"LA Clippers",17,0.5,42,40,"51.2%",42.2,42.2,19,-0.2,24,110.5,7,110,14,0.2,6,1,1,18.4,2,127.4,3,109,1,14.9,"WEST"
"50",50,"2021-2022",2022,"New York",18,-0.1,37,45,"45.1%",40.8,40.8,26,-3.8,21,110.9,12,111,13,0.2,5,3,14,2.2,24,112,5,109.8,8,3.4,"EAST"
"51",51,"2021-2022",2022,"Chicago",19,-0.2,46,36,"56.1%",40.4,40.4,2,5.6,14,113.9,22,114.1,24,-1.3,3,5,23,-7.3,17,115.7,27,123,27,-6.3,"EAST"
"52",52,"2021-2022",2022,"San Antonio",20,-0.3,34,48,"41.5%",40.3,40.3,27,-6.3,18,112.6,16,112.9,4,1.7,4,4,8,5.1,13,117.1,9,112,4,5.3,"WEST"
"53",53,"2021-2022",2022,"New Orleans",21,-2.2,36,46,"43.9%",35.4,35.4,15,0.6,20,111.1,18,113.2,7,1.4,5,3,18,-1.6,15,116.2,16,117.8,23,-3,"WEST"
"54",54,"2021-2022",2022,"Indiana",22,-3.5,25,57,"30.5%",32.4,32.4,28,-7.4,15,113.3,28,116.8,23,-1.1,0,7,26,-7.7,8,120.9,30,128.6,11,2.3,"EAST"
"55",55,"2021-2022",2022,"LA Lakers",23,-3.6,33,49,"40.2%",32,32,13,1,23,110.7,24,114.3,29,-2.7,2,7,24,-7.6,21,114,26,121.6,15,0.4,"WEST"
"56",56,"2021-2022",2022,"Washington",24,-3.8,35,47,"42.7%",31.5,31.5,4,3.5,22,110.9,25,114.7,25,-1.3,4,5,20,-5,20,114.7,23,119.7,7,3.8,"EAST"
"57",57,"2021-2022",2022,"Sacramento",25,-5.9,30,52,"36.6%",26.6,26.6,5,3.4,25,109.9,27,115.8,28,-2.1,3,4,27,-8.9,26,109.1,18,118.1,21,-2.5,"WEST"
"58",58,"2021-2022",2022,"Detroit",26,-8,23,59,"28.0%",21.8,21.8,12,1.2,28,106.2,23,114.2,16,-0.2,3,5,22,-6.3,23,112.5,20,118.8,13,0.7,"EAST"
"59",59,"2021-2022",2022,"Orlando",27,-8.5,22,60,"26.8%",20.7,20.7,11,1.3,30,104.7,17,113.1,18,-0.5,2,5,28,-10.2,29,105.6,13,115.8,20,-2.3,"EAST"
"60",60,"2021-2022",2022,"Oklahoma City",28,-8.6,24,58,"29.3%",20.4,20.4,3,3.6,29,104.8,19,113.4,15,0.2,3,5,29,-13.2,28,107.2,24,120.5,25,-5.1,"WEST"
"61",61,"2021-2022",2022,"Portland",29,-8.7,27,55,"32.9%",20.8,20.8,1,6.2,27,108.5,29,117.2,30,-4.6,0,8,30,-22.8,30,100.6,28,123.4,29,-9.2,"WEST"
"62",62,"2021-2022",2022,"Houston",30,-9.1,20,62,"24.4%",20.2,20.2,18,-0.2,26,108.7,30,117.8,22,-0.9,0,7,21,-6.2,19,115.2,25,121.4,9,3,"WEST"
"63",63,"2020-2021",2021,"Average",NA,NA,36,36,"",NA,NA,NA,NA,NA,112.8,NA,112.8,NA,NA,4.2,4.2,NA,NA,NA,114.2,NA,114.2,NA,NA,NA
"64",64,"2020-2021",2021,"Utah",1,11.6,52,20,"72.2%",66.3,58.2,29,-6.2,3,118.8,1,107.2,2,1.9,6,2,1,14.7,5,120.9,2,106.2,8,2.8,"WEST"
"65",65,"2020-2021",2021,"LA Clippers",2,6.8,47,25,"65.3%",57.1,50.1,25,-3.1,4,118.6,8,111.8,14,0.6,4,3,7,6.6,17,113.6,4,107,20,-1.6,"WEST"
"66",66,"2020-2021",2021,"Phoenix",3,6.2,51,21,"70.8%",55.8,49,9,2,6,117.7,6,111.5,11,0.9,6,3,11,4.1,3,123.5,25,119.4,24,-3.3,"WEST"
"67",67,"2020-2021",2021,"Philadelphia",4,5.7,49,23,"68.1%",55.1,48.3,12,0.7,13,113.7,3,108,4,1.4,7,2,6,6.9,12,115.7,6,108.8,19,-1.3,"EAST"
"68",68,"2020-2021",2021,"Brooklyn",5,5.6,48,24,"66.7%",54.4,47.7,14,0.3,1,119.4,22,113.7,12,0.9,5,3,5,7.2,8,120,10,112.7,13,0.7,"EAST"
"69",69,"2020-2021",2021,"Denver",6,5.5,47,25,"65.3%",54.2,47.6,18,-0.6,5,118,11,112.5,9,1.1,4,4,17,1.4,15,114.3,12,112.9,14,0.5,"WEST"
"70",70,"2020-2021",2021,"Milwaukee",7,5.4,46,26,"63.9%",54,47.4,22,-1.4,7,117.5,10,112.1,24,-1.3,7,2,14,2.2,6,120.5,24,118.3,28,-4.7,"EAST"
"71",71,"2020-2021",2021,"LA Lakers",8,3,42,30,"58.3%",48.7,42.8,21,-0.8,22,110.9,2,107.9,16,-0.1,6,3,19,0.8,20,110.5,8,109.7,16,-0.9,"WEST"
"72",72,"2020-2021",2021,"Atlanta",9,2.6,41,31,"56.9%",47.4,41.6,19,-0.6,9,115.7,16,113.1,5,1.4,6,1,2,13.3,2,124.3,9,111,2,6.9,"EAST"
"73",73,"2020-2021",2021,"New York",10,2.4,41,31,"56.9%",47.3,41.5,17,-0.5,24,110.8,4,108.4,1,4.1,6,3,16,2,21,110.4,5,108.4,11,1.3,"EAST"
"74",74,"2020-2021",2021,"Dallas",11,2.4,42,30,"58.3%",46.9,41.2,11,0.8,8,116,21,113.7,20,-0.4,6,3,10,4.7,7,120,20,115.3,23,-3,"WEST"
"75",75,"2020-2021",2021,"Portland",12,2.1,42,30,"58.3%",46.1,40.5,10,1.5,2,118.9,29,116.8,15,0.1,7,2,3,12.4,1,126.9,16,114.4,4,5.8,"WEST"
"76",76,"2020-2021",2021,"Boston",13,1.5,36,36,"50.0%",44.7,39.3,26,-3.3,10,114.2,12,112.7,22,-0.6,2,6,21,-0.9,18,113.4,15,114.2,18,-1.3,"EAST"
"77",77,"2020-2021",2021,"Memphis",14,0.6,38,34,"52.8%",42.6,37.4,13,0.6,15,112.3,7,111.7,8,1.1,6,3,18,0.8,13,114.9,14,114.1,22,-2.6,"WEST"
"78",78,"2020-2021",2021,"Golden State",15,0.4,39,33,"54.2%",42,36.9,7,2.1,21,111,5,110.6,10,1,7,1,4,12.3,10,119.2,3,106.9,1,9.1,"WEST"
"79",79,"2020-2021",2021,"Miami",16,0.1,40,32,"55.6%",41.2,36.2,4,3.8,17,111.9,9,111.8,26,-2.1,6,2,12,4,4,121.5,23,117.5,10,1.9,"EAST"
"80",80,"2020-2021",2021,"Indiana",17,-0.6,34,38,"47.2%",39.5,34.7,20,-0.7,14,112.5,14,113.1,18,-0.3,4,5,20,-0.5,14,114.8,21,115.3,11,1.3,"EAST"
"81",81,"2020-2021",2021,"New Orleans",18,-0.7,31,41,"43.1%",39.2,34.4,27,-3.4,11,113.8,23,114.5,19,-0.3,2,6,24,-6.9,26,105.9,11,112.9,17,-1,"WEST"
"82",82,"2020-2021",2021,"Toronto",19,-1.1,27,45,"37.5%",38.3,33.6,30,-6.6,16,112.2,19,113.3,17,-0.3,1,7,23,-6.6,24,108.9,22,115.5,9,2.2,"EAST"
"83",83,"2020-2021",2021,"San Antonio",20,-1.3,33,39,"45.8%",37.6,33,15,0,19,111.7,13,113,23,-0.8,2,8,26,-11,23,108.9,26,119.9,25,-3.7,"WEST"
"84",84,"2020-2021",2021,"Chicago",21,-1.3,31,41,"43.1%",37.6,33,24,-2,18,111.8,15,113.1,6,1.3,5,3,13,2.9,19,111.7,7,108.9,3,6.1,"EAST"
"85",85,"2020-2021",2021,"Washington",22,-1.8,34,38,"47.2%",36.4,32,8,2,20,111.4,18,113.2,13,0.7,5,3,15,2.2,11,117.4,19,115.3,7,2.8,"EAST"
"86",86,"2020-2021",2021,"Charlotte",23,-2.4,33,39,"45.8%",34.9,30.7,6,2.3,23,110.9,20,113.3,7,1.2,2,7,22,-6.3,25,108.5,18,114.8,27,-4.4,"EAST"
"87",87,"2020-2021",2021,"Sacramento",24,-3.7,31,41,"43.1%",32,28.1,5,2.9,12,113.7,30,117.4,25,-1.7,5,4,9,4.7,22,110.3,1,105.5,5,5.4,"WEST"
"88",88,"2020-2021",2021,"Detroit",25,-4.6,20,52,"27.8%",29.4,25.8,28,-5.8,26,108.6,17,113.2,3,1.6,1,7,25,-8.9,27,105.9,17,114.8,21,-2.3,"EAST"
"89",89,"2020-2021",2021,"Minnesota",26,-5.9,23,49,"31.9%",26.6,23.4,16,-0.4,25,110.2,28,116.1,21,-0.5,3,4,8,5.8,9,119.4,13,113.6,6,3.8,"WEST"
"90",90,"2020-2021",2021,"Houston",27,-8.4,17,55,"23.6%",21.1,18.6,23,-1.6,27,107.7,27,116.1,28,-2.6,1,7,27,-12.8,16,114.1,30,127,15,0.1,"WEST"
"91",91,"2020-2021",2021,"Cleveland",28,-8.6,22,50,"30.6%",20.5,18,3,4,28,106.2,26,114.9,27,-2.2,1,7,28,-16,28,105.6,28,121.5,29,-5.7,"EAST"
"92",92,"2020-2021",2021,"Orlando",29,-9.3,21,51,"29.2%",19.3,17,2,4,29,105.5,24,114.8,30,-3.4,1,7,30,-19.4,29,103.8,29,123.2,30,-8,"EAST"
"93",93,"2020-2021",2021,"Oklahoma City",30,-11.1,22,50,"30.6%",16,14,1,8,30,103.8,25,114.9,29,-2.9,1,7,29,-18.3,30,102.3,27,120.6,26,-4,"WEST"
"94",94,"2019-2020",2020,"Average",NA,NA,35.3,35.3,"",NA,NA,NA,NA,NA,110.8,NA,110.8,NA,NA,3.9,3.9,NA,NA,NA,112.9,NA,112.9,NA,NA,NA
"95",95,"2019-2020",2020,"Milwaukee",1,9.9,56,17,"76.7%",64.3,57.2,20,-1.2,6,113,1,103.1,7,1.1,3,5,14,-0.6,15,110,9,110.6,20,-6.6,"EAST"
"96",96,"2019-2020",2020,"Boston",2,7.4,48,24,"66.7%",59,51.8,26,-3.8,4,113.9,3,106.5,2,2.7,5,3,3,9.5,9,116.6,4,107.1,3,4.5,"EAST"
"97",97,"2019-2020",2020,"LA Clippers",3,6.9,49,23,"68.1%",57.9,50.8,21,-1.8,2,114.4,5,107.4,8,0.9,5,2,2,9.6,3,120.4,10,110.8,8,2.6,"WEST"
"98",98,"2019-2020",2020,"Toronto",4,6,53,19,"73.6%",56.1,49.3,4,3.7,15,111.3,2,105.3,1,3.2,7,1,5,3.2,20,106.4,1,103.2,6,2.9,"EAST"
"99",99,"2019-2020",2020,"LA Lakers",5,5.8,52,19,"73.2%",55.4,48,3,4,10,112.4,4,106.7,20,-0.6,2,5,20,-7.9,21,105.3,12,113.1,22,-12.1,"WEST"
"100",100,"2019-2020",2020,"Dallas",6,4.6,43,32,"57.3%",52.3,47.9,29,-4.9,1,116.7,18,112.1,4,2.1,3,5,16,-3,5,118,20,121.1,16,-2.4,"WEST"
"101",101,"2019-2020",2020,"Miami",7,3.1,44,29,"60.3%",48.9,43.5,13,0.5,7,112.9,10,109.8,9,0.8,3,5,11,0.2,12,110.7,8,110.5,9,2.2,"EAST"
"102",102,"2019-2020",2020,"Philadelphia",8,2.6,43,30,"58.9%",47.8,42.6,14,0.4,12,111.9,8,109.3,19,-0.5,4,4,8,2.1,4,119.5,17,117.4,7,2.8,"EAST"
"103",103,"2019-2020",2020,"Utah",9,2.5,44,28,"61.1%",47.3,41.6,8,2.4,11,112.4,13,109.9,29,-1.9,2,5,18,-5.4,14,110,15,115.4,15,-2.2,"WEST"
"104",104,"2019-2020",2020,"Houston",10,2.4,44,28,"61.1%",47.1,41.4,7,2.6,8,112.8,15,110.4,28,-1.9,4,4,15,-2.8,18,107.5,7,110.3,19,-4.7,"WEST"
"105",105,"2019-2020",2020,"Indiana",11,2.4,45,28,"61.6%",47.2,42,6,3,18,110.6,6,108.2,11,0.2,6,2,6,2.3,16,108.8,2,106.4,5,3.8,"EAST"
"106",106,"2019-2020",2020,"Oklahoma City",12,2.1,44,28,"61.1%",46.5,40.9,5,3.1,16,111.2,7,109.1,5,1.8,4,4,12,-0.1,19,106.4,3,106.5,13,-1.6,"WEST"
"107",107,"2019-2020",2020,"Denver",13,2,46,27,"63.0%",46,41,1,5,5,113.1,16,111.1,25,-1.1,3,5,17,-4.9,6,117.4,22,122.4,17,-2.8,"WEST"
"108",108,"2019-2020",2020,"Phoenix",14,0.1,34,39,"46.6%",41.2,36.7,24,-2.7,13,111.8,17,111.8,6,1.3,8,0,1,12.5,2,122.1,6,109.6,1,10.7,"WEST"
"109",109,"2019-2020",2020,"Brooklyn",15,-0.4,35,37,"48.6%",40,35.1,18,-0.1,22,109.4,9,109.8,10,0.8,5,3,9,0.8,8,116.8,16,116,2,7.5,"EAST"
"110",110,"2019-2020",2020,"Orlando",16,-0.5,33,40,"45.2%",39.8,35.4,23,-2.4,21,109.4,11,109.8,18,-0.5,3,5,10,0.5,10,113.8,13,113.3,12,-1.1,"EAST"
"111",111,"2019-2020",2020,"San Antonio",17,-0.7,32,39,"45.1%",39.2,34,22,-2,9,112.5,23,113.2,13,-0.3,5,3,4,5.7,7,116.8,11,111.1,4,3.9,"WEST"
"112",112,"2019-2020",2020,"New Orleans",18,-0.9,30,42,"41.7%",38.7,34,27,-4,14,111.5,19,112.4,16,-0.4,2,5,21,-8,13,110.2,18,118.2,21,-6.6,"WEST"
"113",113,"2019-2020",2020,"Portland",19,-0.9,35,39,"47.3%",38.7,34.9,15,0.1,3,114,27,114.9,24,-1,6,2,7,2.2,1,123.3,21,121.2,11,0.2,"WEST"
"114",114,"2019-2020",2020,"Memphis",20,-1.1,34,39,"46.6%",38.3,34.1,16,-0.1,23,109.3,14,110.3,3,2.2,2,6,13,-0.4,17,107.5,5,107.9,10,1.4,"WEST"
"115",115,"2019-2020",2020,"Sacramento",21,-2.9,31,41,"43.1%",33.5,29.4,10,1.6,19,109.8,21,112.7,12,-0.1,3,5,19,-5.7,11,112.8,19,118.4,14,-2,"WEST"
"116",116,"2019-2020",2020,"Chicago",22,-3.3,22,43,"33.8%",32.4,25.7,25,-3.7,28,106.6,12,109.9,21,-1,NA,NA,NA,NA,NA,NA,NA,NA,NA,NA,"EAST"
"117",117,"2019-2020",2020,"Detroit",23,-3.5,20,46,"30.3%",32.1,25.8,30,-5.8,20,109.5,22,113,14,-0.4,NA,NA,NA,NA,NA,NA,NA,NA,NA,NA,"EAST"
"118",118,"2019-2020",2020,"Minnesota",24,-4.5,19,45,"29.7%",29.6,23.1,28,-4.1,24,108.1,20,112.6,27,-1.4,NA,NA,NA,NA,NA,NA,NA,NA,NA,NA,"WEST"
"119",119,"2019-2020",2020,"Washington",25,-5,25,47,"34.7%",28.8,25.3,19,-0.3,17,110.7,30,115.7,15,-0.4,1,7,22,-10.5,22,103,14,113.6,18,-2.9,"EAST"
"120",120,"2019-2020",2020,"New York",26,-6.7,21,45,"31.8%",24.5,19.7,12,1.3,29,106.5,24,113.2,23,-1,NA,NA,NA,NA,NA,NA,NA,NA,NA,NA,"EAST"
"121",121,"2019-2020",2020,"Charlotte",27,-7.2,23,42,"35.4%",23.5,18.7,2,4.3,27,106.7,25,113.8,17,-0.5,NA,NA,NA,NA,NA,NA,NA,NA,NA,NA,"EAST"
"122",122,"2019-2020",2020,"Atlanta",28,-7.9,20,47,"29.9%",22.2,18.1,9,1.9,26,107.4,28,115.3,30,-2.6,NA,NA,NA,NA,NA,NA,NA,NA,NA,NA,"EAST"
"123",123,"2019-2020",2020,"Cleveland",29,-7.9,19,46,"29.2%",22.1,17.5,11,1.5,25,107.5,29,115.4,22,-1,NA,NA,NA,NA,NA,NA,NA,NA,NA,NA,"EAST"
"124",124,"2019-2020",2020,"Golden State",30,-9.4,15,50,"23.1%",19,15.1,17,-0.1,30,104.9,26,114.3,26,-1.3,NA,NA,NA,NA,NA,NA,NA,NA,NA,NA,"WEST"
"125",125,"2018-2019",2019,"Average",NA,NA,41,41,"",NA,NA,NA,NA,NA,110.6,NA,110.6,NA,NA,3.8,3.8,NA,NA,NA,112.5,NA,112.5,NA,NA,NA
"126",126,"2018-2019",2019,"Milwaukee",1,9.1,60,22,"73.2%",62.4,62.4,25,-2.4,3,114.9,2,105.8,1,2.6,4,3,10,2.8,10,114.8,16,112.1,15,-1.2,"EAST"
"127",127,"2018-2019",2019,"Golden State",2,8,57,25,"69.5%",59.8,59.8,26,-2.8,1,116.6,9,108.6,25,-1.5,7,2,2,14.8,3,119,3,104.2,8,2.8,"WEST"
"128",128,"2018-2019",2019,"Utah",3,6.7,50,32,"61.0%",57.8,57.8,30,-7.8,14,111.4,1,104.7,12,0.1,6,2,4,12,5,117.5,5,105.6,12,0.4,"WEST"
"129",129,"2018-2019",2019,"Toronto",4,6.1,58,24,"70.7%",56.2,56.2,7,1.8,6,113.5,5,107.3,8,0.6,6,1,3,14.7,6,117.3,1,102.6,3,6.9,"EAST"
"130",130,"2018-2019",2019,"Houston",5,4.8,53,29,"64.6%",52.7,52.7,13,0.3,2,115.5,17,110.8,9,0.3,6,1,1,25.1,1,129.7,4,104.6,1,12.9,"WEST"
"131",131,"2018-2019",2019,"Portland",6,4.4,53,29,"64.6%",51.9,51.9,9,1.1,4,114.8,16,110.4,3,1.8,7,2,5,7.4,4,117.8,11,110.4,5,4.3,"WEST"
"132",132,"2018-2019",2019,"Boston",7,4.2,49,33,"59.8%",51.8,51.8,27,-2.8,10,112.1,7,107.9,16,0,5,2,9,3,15,111.7,9,108.7,9,1.7,"EAST"
"133",133,"2018-2019",2019,"Oklahoma City",8,3.7,49,33,"59.8%",50.7,50.7,24,-1.7,16,110.5,3,106.7,21,-0.6,6,2,8,4.8,7,116.7,15,111.9,14,-1,"WEST"
"134",134,"2018-2019",2019,"Denver",9,3.6,54,28,"65.9%",50.2,50.2,3,3.8,7,112.9,11,109.3,15,0.1,4,5,20,-4.3,27,106.3,13,110.6,19,-1.8,"WEST"
"135",135,"2018-2019",2019,"Indiana",10,2.9,48,34,"58.5%",48.6,48.6,19,-0.6,18,110,4,107.1,5,1.6,3,5,18,-3.5,16,111.5,19,115,13,-0.6,"EAST"
"136",136,"2018-2019",2019,"Philadelphia",11,2.6,51,31,"62.2%",47.6,47.6,4,3.4,9,112.2,13,109.6,22,-0.6,4,4,12,1.2,14,112.8,14,111.6,24,-3.2,"EAST"
"137",137,"2018-2019",2019,"San Antonio",12,2,48,34,"58.5%",46,46,5,2,5,113.5,20,111.5,17,-0.1,5,2,6,6.8,9,116,10,109.3,26,-4.5,"WEST"
"138",138,"2018-2019",2019,"Orlando",13,0.9,42,40,"51.2%",43.4,43.4,21,-1.4,22,109.4,8,108.4,2,2.4,5,2,7,6.6,2,121.4,18,114.8,4,5.6,"EAST"
"139",139,"2018-2019",2019,"LA Clippers",14,0.7,48,34,"58.5%",42.8,42.8,1,5.2,8,112.4,21,111.7,10,0.3,3,4,19,-4,13,112.9,23,116.9,29,-5.9,"WEST"
"140",140,"2018-2019",2019,"Detroit",15,0.2,41,41,"50.0%",41.5,41.5,18,-0.5,21,109.5,12,109.3,18,-0.1,4,4,11,2.6,24,109.4,6,106.7,23,-2.7,"EAST"
"141",141,"2018-2019",2019,"Miami",16,-0.1,39,43,"47.6%",40.6,40.6,22,-1.6,26,107.6,6,107.7,19,-0.1,3,5,15,0.4,29,103.9,2,103.5,16,-1.8,"EAST"
"142",142,"2018-2019",2019,"Brooklyn",17,-0.2,42,40,"51.2%",40.5,40.5,8,1.5,20,109.7,15,109.9,4,1.7,4,3,13,1.1,22,109.6,7,108.5,7,3.2,"EAST"
"143",143,"2018-2019",2019,"Sacramento",18,-0.8,39,43,"47.6%",38.9,38.9,17,0.1,17,110.1,18,110.9,6,1.1,2,6,25,-7.2,11,113.7,28,120.9,27,-4.8,"WEST"
"144",144,"2018-2019",2019,"Charlotte",19,-0.9,39,43,"47.6%",38.6,38.6,11,0.4,11,111.9,23,112.9,23,-0.9,4,4,17,-2.4,8,116.5,25,118.9,18,-1.8,"EAST"
"145",145,"2018-2019",2019,"New Orleans",20,-1.2,33,49,"40.2%",37.9,37.9,29,-4.9,12,111.6,22,112.8,12,0.1,2,4,24,-6.3,21,109.9,22,116.2,22,-2.7,"WEST"
"146",146,"2018-2019",2019,"Dallas",21,-1.6,33,49,"40.2%",36.9,36.9,28,-3.9,19,109.9,19,111.5,7,1.1,4,4,14,0.9,23,109.4,8,108.5,6,3.6,"WEST"
"147",147,"2018-2019",2019,"LA Lakers",22,-1.6,37,45,"45.1%",36.8,36.8,14,0.2,23,108.3,14,109.8,23,-0.9,4,4,16,-1.3,25,109.2,12,110.4,2,9.9,"WEST"
"148",148,"2018-2019",2019,"Minnesota",23,-1.6,36,46,"43.9%",36.8,36.8,20,-0.8,13,111.5,24,113.2,20,-0.3,3,5,23,-5.8,17,111.5,24,117.3,11,0.9,"WEST"
"149",149,"2018-2019",2019,"Washington",24,-2.9,32,50,"39.0%",33.6,33.6,23,-1.6,15,111,26,113.9,29,-1.9,2,5,21,-4.4,19,111.2,20,115.6,17,-1.8,"EAST"
"150",150,"2018-2019",2019,"Memphis",25,-3.2,33,49,"40.2%",32.7,32.7,12,0.3,27,106.1,10,109.2,11,0.3,3,5,22,-5.4,20,110.8,21,116.1,10,1.4,"WEST"
"151",151,"2018-2019",2019,"Atlanta",26,-6.8,29,53,"35.4%",24.4,24.4,2,4.6,25,107.7,27,114.5,12,0.1,2,5,27,-8.4,18,111.3,27,119.7,25,-3.9,"EAST"
"152",152,"2018-2019",2019,"Chicago",27,-8.8,22,60,"26.8%",20.1,20.1,6,1.9,29,104.9,25,113.7,30,-2.1,1,6,30,-15.6,28,104,26,119.6,30,-7,"EAST"
"153",153,"2018-2019",2019,"Phoenix",28,-9.5,19,63,"23.2%",18.9,18.9,16,0.1,28,105.7,29,115.2,28,-1.9,2,5,26,-8.2,12,113.3,29,121.5,21,-2.6,"WEST"
"154",154,"2018-2019",2019,"Cleveland",29,-9.9,19,63,"23.2%",18.5,18.5,10,0.5,24,107.8,30,117.7,26,-1.5,0,7,29,-14.8,26,109,30,123.8,28,-5.9,"EAST"
"155",155,"2018-2019",2019,"New York",30,-10.6,17,65,"20.7%",16.9,16.9,15,0.1,30,104.2,28,114.7,27,-1.7,3,5,28,-14.4,30,97.8,17,112.2,20,-2.1,"EAST"
"156",156,"2017-2018",2018,"Average",NA,NA,41,41,"",NA,NA,NA,NA,NA,108.4,NA,108.4,NA,NA,3.8,3.8,NA,NA,NA,107.9,NA,107.9,NA,NA,NA
"157",157,"2017-2018",2018,"Houston",1,9,65,17,"79.3%",62.1,62.1,7,2.9,1,114.8,6,105.8,8,1,4,3,16,-1.2,22,104.9,10,106.1,29,-8.3,"WEST"
"158",158,"2017-2018",2018,"Toronto",2,7.9,59,23,"72.0%",60.1,60.1,19,-1.1,3,113.5,5,105.6,2,2.3,4,3,7,4.4,15,107.4,4,102.9,16,0.3,"EAST"
"159",159,"2017-2018",2018,"Golden State",3,7.2,58,24,"70.7%",58.5,58.5,16,-0.5,2,113.9,9,106.7,29,-2.5,4,4,21,-3.7,13,109.8,27,113.6,30,-8.3,"WEST"
"160",160,"2017-2018",2018,"Philadelphia",4,5.2,52,30,"63.4%",54.5,54.5,23,-2.5,9,109.6,3,104.4,3,2.1,9,0,1,16,2,115.8,1,99.8,2,7.4,"EAST"
"161",161,"2017-2018",2018,"Utah",5,4.3,48,34,"58.5%",52.3,52.3,28,-4.3,16,107.9,2,103.6,1,2.7,6,2,2,14.3,3,115,2,100.7,4,5.5,"WEST"
"162",162,"2017-2018",2018,"Boston",6,4.1,55,27,"67.1%",51.8,51.8,5,3.2,18,107.5,1,103.4,6,1.2,4,4,15,-0.5,21,105,9,105.5,10,2.1,"EAST"
"163",163,"2017-2018",2018,"Oklahoma City",7,3.2,48,34,"58.5%",49.3,49.3,20,-1.3,7,110.2,10,107,23,-1.1,4,3,6,4.8,7,112.3,13,107.5,9,2.1,"WEST"
"164",164,"2017-2018",2018,"Minnesota",8,2.6,47,35,"57.3%",47.6,47.6,17,-0.6,4,113.3,23,110.7,22,-0.6,5,2,9,3.3,11,110,12,106.6,20,-1.2,"WEST"
"165",165,"2017-2018",2018,"San Antonio",9,2.5,47,35,"57.3%",47.7,47.7,18,-0.7,17,107.7,4,105.2,16,-0.1,4,3,10,1.4,10,110.1,19,108.7,25,-2.6,"WEST"
"166",166,"2017-2018",2018,"Portland",10,2.1,49,33,"59.8%",46.7,46.7,8,2.3,15,108.4,7,106.3,9,1,3,5,12,0.8,20,105.2,7,104.4,21,-1.4,"WEST"
"167",167,"2017-2018",2018,"New Orleans",11,2.1,48,34,"58.5%",46.5,46.5,11,1.5,11,109.3,11,107.2,13,0.4,5,2,3,12.9,4,114.6,3,101.8,1,7.8,"WEST"
"168",168,"2017-2018",2018,"Indiana",12,1.9,48,34,"58.5%",45.9,45.9,9,2.1,13,109.3,12,107.4,5,1.8,4,3,11,1.2,12,109.8,18,108.6,19,-0.7,"EAST"
"169",169,"2017-2018",2018,"Denver",13,1.6,46,36,"56.1%",45.2,45.2,13,0.8,6,112.1,21,110.5,19,-0.5,6,1,8,4.2,6,113.6,21,109.4,8,2.1,"WEST"
"170",170,"2017-2018",2018,"Washington",14,0.8,43,39,"52.4%",43.2,43.2,14,-0.2,14,108.6,15,107.8,25,-1.5,2,6,25,-5.1,24,103.6,20,108.7,28,-8.1,"EAST"
"171",171,"2017-2018",2018,"Cleveland",15,0.7,50,32,"61.0%",42.8,42.8,1,7.2,5,112.7,29,112,30,-3.5,6,2,5,5,1,116.1,25,111.1,17,0.1,"EAST"
"172",172,"2017-2018",2018,"Miami",16,0.6,44,38,"53.7%",42.6,42.6,12,1.4,20,107,8,106.4,17,-0.1,4,3,19,-2.1,26,102.3,6,104.4,26,-6.1,"EAST"
"173",173,"2017-2018",2018,"Charlotte",17,0.2,36,46,"43.9%",41.5,41.5,29,-5.5,10,109.3,16,109.1,20,-0.5,2,5,17,-1.8,8,112.3,28,114,15,0.7,"EAST"
"174",174,"2017-2018",2018,"LA Clippers",18,-0.2,42,40,"51.2%",40.5,40.5,10,1.5,8,109.8,19,110,12,0.5,2,6,30,-10.5,18,106.6,29,117.2,27,-7.5,"WEST"
"175",175,"2017-2018",2018,"Detroit",19,-0.3,39,43,"47.6%",40.3,40.3,21,-1.3,19,107.2,13,107.4,15,0,5,3,4,5.8,5,114.1,17,108.4,5,3.1,"EAST"
"176",176,"2017-2018",2018,"Milwaukee",20,-0.3,44,38,"53.7%",40.1,40.1,4,3.9,12,109.3,18,109.6,28,-1.9,5,3,13,0.6,9,110.3,22,109.7,24,-2.2,"EAST"
"177",177,"2017-2018",2018,"LA Lakers",21,-1.2,35,47,"42.7%",37.9,37.9,24,-2.9,23,106.5,14,107.7,4,2,3,6,18,-2,23,104.4,11,106.5,12,1.7,"WEST"
"178",178,"2017-2018",2018,"Dallas",22,-3.2,24,58,"29.3%",32.6,32.6,30,-8.6,24,105.9,17,109.1,7,1.1,1,7,28,-8.5,27,101.4,24,109.9,23,-2.1,"WEST"
"179",179,"2017-2018",2018,"Brooklyn",23,-3.9,28,54,"34.1%",31,31,26,-3,22,106.8,22,110.7,11,0.8,5,3,14,-0.4,16,107.2,14,107.6,14,1.3,"EAST"
"180",180,"2017-2018",2018,"New York",24,-4,29,53,"35.4%",30.6,30.6,22,-1.6,21,106.9,25,111,10,0.9,2,5,24,-4.6,17,106.9,26,111.5,11,1.9,"EAST"
"181",181,"2017-2018",2018,"Orlando",25,-5,25,57,"30.5%",28.1,28.1,27,-3.1,25,105.3,20,110.3,18,-0.2,3,6,22,-3.8,30,100.5,5,104.3,22,-1.7,"EAST"
"182",182,"2017-2018",2018,"Memphis",26,-6.4,22,60,"26.8%",24.9,24.9,25,-2.9,27,104.5,24,110.9,26,-1.7,2,6,29,-8.8,14,109.1,30,117.9,7,2.9,"WEST"
"183",183,"2017-2018",2018,"Atlanta",27,-6.6,24,58,"29.3%",24.4,24.4,15,-0.4,26,104.5,26,111.1,14,0.2,3,5,27,-7,29,100.8,15,107.8,6,3,"EAST"
"184",184,"2017-2018",2018,"Chicago",28,-7.4,27,55,"32.9%",22.7,22.7,3,4.3,28,103.8,27,111.2,24,-1.1,3,5,26,-6.8,28,101.4,16,108.2,17,0.1,"EAST"
"185",185,"2017-2018",2018,"Sacramento",29,-7.7,27,55,"32.9%",21.9,21.9,2,5.1,29,103.5,28,111.2,21,-0.5,3,4,20,-2.8,25,102.4,8,105.2,13,1.4,"WEST"
"186",186,"2017-2018",2018,"Phoenix",30,-9.8,21,61,"25.6%",17.9,17.9,6,3.1,30,103.1,30,112.9,27,-1.9,2,5,23,-4.3,19,105.6,23,109.9,3,6.4,"WEST"
"187",187,"2016-2017",2017,"Average",NA,NA,41,41,"",NA,NA,NA,NA,NA,109,NA,109,NA,NA,4,4,NA,NA,NA,110.1,NA,110.1,NA,NA,NA
"188",188,"2016-2017",2017,"Golden State",1,12.7,67,15,"81.7%",68.4,68.4,23,-1.4,1,116.7,1,104,14,0.5,7,1,2,13,2,118.6,4,105.5,10,2.6,"WEST"
"189",189,"2016-2017",2017,"San Antonio",2,7.7,61,21,"74.4%",59.9,59.9,10,1.1,7,111.7,2,104,17,-0.1,4,5,17,-0.6,27,105.8,7,106.4,27,-4.8,"WEST"
"190",190,"2016-2017",2017,"Houston",3,5.8,55,27,"67.1%",55.3,55.3,18,-0.3,2,114.9,16,109.1,8,0.7,4,4,20,-3,15,110.2,20,113.2,30,-6.6,"WEST"
"191",191,"2016-2017",2017,"LA Clippers",4,4.4,51,31,"62.2%",52.2,52.2,22,-1.2,5,112.5,10,108.1,16,0,7,0,1,14.1,1,122.1,12,108.1,6,4.1,"WEST"
"192",192,"2016-2017",2017,"Toronto",5,4.2,51,31,"62.2%",51.7,51.7,20,-0.7,6,112.5,11,108.2,12,0.5,6,2,9,3.2,16,109.8,10,106.6,16,-1.2,"EAST"
"193",193,"2016-2017",2017,"Cleveland",6,4,51,31,"62.2%",51,51,14,0,3,114.1,21,110.2,29,-2.2,4,5,10,3.2,10,112.4,15,109.2,17,-1.4,"EAST"
"194",194,"2016-2017",2017,"Utah",7,3.8,51,31,"62.2%",51,51,15,0,13,109.6,3,105.8,4,1,6,2,4,6.5,7,114,11,107.6,5,4.8,"WEST"
"195",195,"2016-2017",2017,"Boston",8,2.7,53,29,"64.6%",48,48,2,5,8,111.6,15,108.8,24,-0.7,5,3,13,1.9,8,113.6,19,111.8,26,-4.6,"EAST"
"196",196,"2016-2017",2017,"Washington",9,1.9,49,33,"59.8%",45.9,45.9,6,3.1,9,111.3,18,109.5,9,0.7,3,5,21,-3.5,11,112,25,115.5,18,-1.8,"EAST"
"197",197,"2016-2017",2017,"Miami",10,1.3,41,41,"50.0%",44.4,44.4,28,-3.4,17,108.2,5,106.9,1,2.4,5,3,7,4.9,12,111.5,8,106.5,14,0.9,"EAST"
"198",198,"2016-2017",2017,"Denver",11,0.9,40,42,"48.8%",43.2,43.2,27,-3.2,4,113.2,29,112.4,3,1.1,5,3,6,4.9,6,114.7,17,109.8,4,5.3,"WEST"
"199",199,"2016-2017",2017,"Memphis",12,0.7,43,39,"52.4%",42.8,42.8,13,0.2,19,107.7,6,107.1,7,0.7,3,5,12,2.5,17,109.1,9,106.6,23,-3.6,"WEST"
"200",200,"2016-2017",2017,"Indiana",13,0.4,42,40,"51.2%",42.2,42.2,17,-0.2,15,109.1,14,108.6,20,-0.4,5,3,5,6,3,116.3,18,110.3,7,3.4,"EAST"
"201",201,"2016-2017",2017,"Oklahoma City",14,0.4,47,35,"57.3%",42.1,42.1,3,4.9,16,108.8,12,108.3,23,-0.6,5,4,15,0,26,105.8,6,105.8,19,-1.8,"WEST"
"202",202,"2016-2017",2017,"Chicago",15,0.4,41,41,"50.0%",42.1,42.1,21,-1.1,20,107.5,7,107.1,5,0.8,6,2,3,10.9,19,107.4,1,96.5,1,9.3,"EAST"
"203",203,"2016-2017",2017,"Milwaukee",16,0,42,40,"51.2%",41.1,41.1,11,0.9,12,109.7,20,109.7,15,0.2,4,4,26,-6.6,30,102.1,14,108.7,28,-5,"EAST"
"204",204,"2016-2017",2017,"Charlotte",17,-0.3,36,46,"43.9%",40.3,40.3,29,-4.3,14,109.4,19,109.6,26,-0.8,3,5,23,-4.8,13,111.4,27,116.1,20,-2.1,"EAST"
"205",205,"2016-2017",2017,"Minnesota",18,-0.9,31,51,"37.8%",38.7,38.7,30,-7.7,10,111,26,111.9,18,-0.2,2,7,22,-4.5,5,114.8,30,119.2,22,-2.9,"WEST"
"206",206,"2016-2017",2017,"Portland",19,-1.1,41,41,"50.0%",38.3,38.3,7,2.7,11,110.4,25,111.5,22,-0.5,5,3,11,3.1,9,112.5,16,109.4,12,1.9,"WEST"
"207",207,"2016-2017",2017,"Detroit",20,-1.3,37,45,"45.1%",37.4,37.4,19,-0.4,24,106.3,9,107.6,27,-1.4,3,4,14,1.3,20,107.1,5,105.8,9,3,"EAST"
"208",208,"2016-2017",2017,"Atlanta",21,-1.4,43,39,"52.4%",37.1,37.1,1,5.9,26,105.1,4,106.6,28,-2,5,3,8,3.4,18,107.5,3,104.1,2,7,"EAST"
"209",209,"2016-2017",2017,"New Orleans",22,-1.7,34,48,"41.5%",36.4,36.4,25,-2.4,25,105.6,8,107.3,13,0.5,3,5,24,-5.2,14,111.1,28,116.2,21,-2.7,"WEST"
"210",210,"2016-2017",2017,"Dallas",23,-3.5,33,49,"40.2%",31.8,31.8,9,1.2,27,105.1,13,108.6,11,0.5,2,7,28,-8.5,24,106.7,23,115.1,25,-4.3,"WEST"
"211",211,"2016-2017",2017,"Sacramento",24,-4.2,32,50,"39.0%",30.3,30.3,8,1.7,21,107.2,24,111.4,10,0.6,3,5,25,-6.3,21,107,21,113.3,13,1.5,"WEST"
"212",212,"2016-2017",2017,"New York",25,-4.2,31,51,"37.8%",30.3,30.3,12,0.7,18,107.8,27,112,19,-0.3,3,5,27,-7.5,23,106.8,22,114.3,15,0.3,"EAST"
"213",213,"2016-2017",2017,"Phoenix",26,-5.6,24,58,"29.3%",26.8,26.8,26,-2.8,22,106.5,28,112.1,20,-0.4,2,5,19,-1.8,4,115.2,29,117,8,3.3,"WEST"
"214",214,"2016-2017",2017,"LA Lakers",27,-5.9,26,56,"31.7%",26.1,26.1,16,-0.1,23,106.5,30,112.4,25,-0.8,5,3,18,-1.4,21,107,13,108.4,3,6.1,"WEST"
"215",215,"2016-2017",2017,"Orlando",28,-6.2,29,53,"35.4%",25.4,25.4,5,3.6,28,104.8,22,110.9,30,-2.5,2,6,29,-9.2,25,106.2,24,115.4,29,-6.1,"EAST"
"216",216,"2016-2017",2017,"Philadelphia",29,-6.6,28,54,"34.1%",24.2,24.2,4,3.8,30,102.8,17,109.4,2,1.9,0,8,30,-12.5,28,103,26,115.5,24,-3.9,"EAST"
"217",217,"2016-2017",2017,"Brooklyn",30,-7.5,20,62,"24.4%",22.3,22.3,24,-2.3,29,103.6,23,111.2,6,0.8,4,4,16,-0.1,29,102.4,2,102.5,11,2.4,"EAST"
"218",218,"2015-2016",2016,"Average",NA,NA,41,41,"",NA,NA,NA,NA,NA,106.6,NA,106.6,NA,NA,3.9,3.9,NA,NA,NA,107.4,NA,107.4,NA,NA,NA
"219",219,"2015-2016",2016,"San Antonio",1,11.7,67,15,"81.7%",67.7,67.7,18,-0.7,4,110.6,1,99,2,2,5,3,16,-0.1,22,104.2,7,104.4,26,-4.4,"WEST"
"220",220,"2015-2016",2016,"Golden State",2,11.6,73,9,"89.0%",66.8,66.8,1,6.2,1,114.9,4,103.3,12,0.4,6,2,4,8.1,5,112.5,8,104.4,23,-1.8,"WEST"
"221",221,"2015-2016",2016,"Oklahoma City",3,8,55,27,"67.1%",60.2,60.2,29,-5.2,2,113.7,13,105.7,13,0.3,3,4,7,5.7,1,117.1,25,111.4,13,0.9,"WEST"
"222",222,"2015-2016",2016,"Cleveland",4,7.3,57,25,"69.5%",59,59,24,-2,3,111.9,10,104.6,24,-0.8,5,3,3,8.5,4,113.3,10,104.9,11,1.4,"EAST"
"223",223,"2015-2016",2016,"Toronto",5,5,56,26,"68.3%",53.8,53.8,4,2.2,5,110.4,12,105.4,3,1.5,7,2,6,6.5,8,111,9,104.5,2,4.4,"EAST"
"224",224,"2015-2016",2016,"LA Clippers",6,4.8,53,29,"64.6%",53.5,53.5,15,-0.5,7,108.5,6,103.7,7,0.7,7,2,2,10.1,11,109.8,2,99.8,1,6.9,"WEST"
"225",225,"2015-2016",2016,"Atlanta",7,3.3,48,34,"58.5%",50,50,25,-2,22,105.4,2,102.1,17,0,3,4,17,-0.4,28,100.6,3,101,27,-4.9,"EAST"
"226",226,"2015-2016",2016,"Boston",8,3.2,48,34,"58.5%",49.6,49.6,22,-1.6,11,106.8,5,103.7,10,0.4,5,3,14,1.9,14,108.4,17,106.5,24,-2.1,"EAST"
"227",227,"2015-2016",2016,"Charlotte",9,3,48,34,"58.5%",48.9,48.9,20,-0.9,9,107.6,9,104.6,1,2,5,3,8,5.7,6,111.4,14,105.7,12,1.1,"EAST"
"228",228,"2015-2016",2016,"Miami",10,2.3,48,34,"58.5%",47.2,47.2,10,0.8,13,106.6,8,104.3,16,0.1,5,4,13,2.5,13,108.6,16,106.1,16,-0.2,"EAST"
"229",229,"2015-2016",2016,"Indiana",11,1.8,45,37,"54.9%",46.1,46.1,21,-1.1,26,104.7,3,102.9,20,-0.2,6,2,5,7.9,9,110.9,5,102.9,22,-1.6,"EAST"
"230",230,"2015-2016",2016,"Utah",12,1.7,40,42,"48.8%",45.5,45.5,30,-5.5,15,106,7,104.3,6,1.1,3,5,12,3,20,104.8,4,101.8,25,-2.6,"WEST"
"231",231,"2015-2016",2016,"Detroit",13,1.4,44,38,"53.7%",44.8,44.8,19,-0.8,12,106.7,11,105.3,15,0.1,4,3,18,-0.4,19,105.6,15,106,19,-0.7,"EAST"
"232",232,"2015-2016",2016,"Portland",14,0.9,44,38,"53.7%",43.3,43.3,11,0.7,6,109,20,108.2,4,1.4,5,2,11,3.8,3,114.5,23,110.7,21,-1.3,"WEST"
"233",233,"2015-2016",2016,"Houston",15,0.2,41,41,"50.0%",41.6,41.6,16,-0.6,8,108.4,21,108.2,27,-1.7,4,3,1,11.5,2,115.7,6,104.3,6,3.1,"WEST"
"234",234,"2015-2016",2016,"Dallas",16,-0.3,42,40,"51.2%",40.2,40.2,7,1.8,10,106.8,17,107.1,9,0.5,6,2,9,5.2,21,104.8,1,99.6,4,3.8,"WEST"
"235",235,"2015-2016",2016,"Washington",17,-0.4,41,41,"50.0%",39.9,39.9,9,1.1,19,105.7,14,106.1,19,-0.1,5,3,10,4,12,109.5,12,105.5,3,3.9,"EAST"
"236",236,"2015-2016",2016,"Orlando",18,-1.2,35,47,"42.7%",37.7,37.7,27,-2.7,17,105.8,16,107,8,0.6,4,4,15,1.3,10,110.7,19,109.4,8,2.2,"EAST"
"237",237,"2015-2016",2016,"Memphis",19,-1.7,42,40,"51.2%",36.5,36.5,3,5.5,16,105.9,19,107.6,28,-1.7,1,7,25,-7.2,15,107.9,29,115.1,18,-0.7,"WEST"
"238",238,"2015-2016",2016,"Chicago",20,-1.8,42,40,"51.2%",36.3,36.3,2,5.7,24,105,15,106.8,29,-2,5,3,19,-0.5,7,111.1,26,111.6,17,-0.4,"EAST"
"239",239,"2015-2016",2016,"New York",21,-2.4,32,50,"39.0%",34.7,34.7,26,-2.7,23,105.2,18,107.5,11,0.4,2,5,20,-2.3,25,102.7,11,105,10,1.6,"EAST"
"240",240,"2015-2016",2016,"Sacramento",22,-2.8,33,49,"40.2%",33.6,33.6,17,-0.6,20,105.7,22,108.4,18,0,4,4,22,-3,18,106.4,20,109.5,7,2.5,"WEST"
"241",241,"2015-2016",2016,"Denver",23,-3.8,33,49,"40.2%",31.1,31.1,6,1.9,18,105.7,25,109.5,5,1.1,2,5,28,-10.4,23,103.6,28,114,29,-6.1,"WEST"
"242",242,"2015-2016",2016,"Milwaukee",24,-3.9,33,49,"40.2%",30.8,30.8,5,2.2,25,104.8,23,108.6,26,-1.3,3,5,26,-7.4,27,101.7,18,109.1,28,-5.6,"EAST"
"243",243,"2015-2016",2016,"Minnesota",25,-4,29,53,"35.4%",30.7,30.7,23,-1.7,14,106.2,27,110.1,14,0.3,4,4,21,-2.7,17,107,21,109.7,9,2,"WEST"
"244",244,"2015-2016",2016,"New Orleans",26,-4.1,30,52,"36.6%",30.2,30.2,14,-0.2,21,105.4,26,109.6,21,-0.5,3,6,24,-6.7,16,107.1,27,113.8,14,0.3,"WEST"
"245",245,"2015-2016",2016,"Phoenix",27,-7.4,23,59,"28.0%",22.4,22.4,13,0.6,28,102,24,109.4,30,-2.3,3,5,23,-3.2,26,102.4,13,105.6,5,3.5,"WEST"
"246",246,"2015-2016",2016,"Brooklyn",28,-8.5,21,61,"25.6%",20.4,20.4,12,0.6,27,103,29,111.5,22,-0.5,0,8,30,-20.7,29,98.8,30,119.4,30,-6.7,"EAST"
"247",247,"2015-2016",2016,"LA Lakers",29,-11.1,17,65,"20.7%",15.6,15.6,8,1.4,29,101.5,30,112.6,25,-1,2,6,29,-13.3,30,97,22,110.4,20,-1.1,"WEST"
"248",248,"2015-2016",2016,"Philadelphia",30,-11.8,10,72,"12.2%",14,14,28,-4,30,98.6,28,110.4,23,-0.7,1,6,27,-8.5,24,102.8,24,111.3,15,0.1,"EAST"
"249",249,"2014-2015",2015,"Average",NA,NA,41,41,"",NA,NA,NA,NA,NA,106.7,NA,106.7,NA,NA,4,4,NA,NA,NA,108.9,NA,108.9,NA,NA,NA
"250",250,"2014-2015",2015,"San Antonio",1,8.2,62,20,"75.6%",61.3,61.3,11,0.7,7,110.5,4,102.3,5,1.2,4,4,17,0,19,107.5,11,107.5,22,-2.3,"WEST"
"251",251,"2014-2015",2015,"LA Clippers",2,7.1,57,25,"69.5%",58.5,58.5,20,-1.5,1,112.1,9,105,3,1.9,4,3,11,4.8,2,113.7,15,109,16,-0.2,"WEST"
"252",252,"2014-2015",2015,"Oklahoma City",3,7,59,23,"72.0%",58.6,58.6,13,0.4,5,110.8,5,103.8,15,-0.1,5,4,9,5,3,113.7,14,108.6,21,-2.3,"WEST"
"253",253,"2014-2015",2015,"Miami",4,5.8,54,28,"65.9%",55.7,55.7,23,-1.7,3,111.5,11,105.7,27,-1.7,3,6,19,-2.5,21,107.3,17,109.8,29,-6,"EAST"
"254",254,"2014-2015",2015,"Golden State",5,5.7,51,31,"62.2%",56,56,29,-5,12,107.8,3,102.1,11,0.5,5,3,3,9.2,9,111.1,4,101.9,4,4.8,"WEST"
"255",255,"2014-2015",2015,"Indiana",6,5.2,56,26,"68.3%",55.2,55.2,10,0.8,22,104.4,1,99.2,29,-1.9,4,3,20,-2.8,22,107.2,18,110,26,-2.9,"EAST"
"256",256,"2014-2015",2015,"Houston",7,4.9,54,28,"65.9%",53.6,53.6,14,0.4,4,111,13,106.1,16,-0.2,5,4,14,2,4,113,20,111,24,-2.7,"WEST"
"257",257,"2014-2015",2015,"Portland",8,4.3,54,28,"65.9%",51.9,51.9,7,2.1,2,111.6,16,107.3,8,0.8,5,1,12,3.7,12,110,8,106.3,28,-5.5,"WEST"
"258",258,"2014-2015",2015,"Toronto",9,3.8,48,34,"58.5%",50.9,50.9,27,-2.9,10,108.9,10,105.1,4,1.8,6,2,8,6.1,1,116.2,19,110.1,18,-1.8,"EAST"
"259",259,"2014-2015",2015,"Phoenix",10,3.2,48,34,"58.5%",49.5,49.5,21,-1.5,8,109.6,14,106.3,1,2.7,4,4,16,0.9,13,109.9,16,109,11,1.4,"WEST"
"260",260,"2014-2015",2015,"Chicago",11,3.2,48,34,"58.5%",49.8,49.8,24,-1.8,25,103.2,2,100.1,12,0.4,6,2,2,10.8,14,109.8,2,99,7,3.2,"EAST"
"261",261,"2014-2015",2015,"Minnesota",12,3.1,40,42,"48.8%",49.3,49.3,30,-9.3,9,109.2,12,106,6,1,4,5,18,-0.4,18,107.6,13,108,12,1.3,"WEST"
"262",262,"2014-2015",2015,"Dallas",13,2.3,49,33,"59.8%",47.1,47.1,8,1.9,6,110.7,22,108.4,13,0.1,5,2,10,5,5,112.8,12,107.8,13,0.5,"WEST"
"263",263,"2014-2015",2015,"Memphis",14,2.3,50,32,"61.0%",47.1,47.1,5,2.9,15,106.6,7,104.4,18,-0.3,6,2,13,3.6,15,108.9,7,105.3,20,-2.2,"WEST"
"264",264,"2014-2015",2015,"Washington",15,1.4,44,38,"53.7%",44.8,44.8,16,-0.8,17,106.1,8,104.7,7,1,6,2,1,11.8,10,110.9,3,99.1,9,2.4,"EAST"
"265",265,"2014-2015",2015,"Charlotte",16,-0.2,43,39,"52.4%",40.3,40.3,6,2.7,24,103.9,6,104.1,2,2.6,7,1,4,8.2,28,105,1,96.9,6,3.3,"EAST"
"266",266,"2014-2015",2015,"Brooklyn",17,-0.3,44,38,"53.7%",40.1,40.1,3,3.9,14,107,17,107.4,26,-1.6,4,5,22,-6.6,23,106.5,25,113.1,30,-9.3,"EAST"
"267",267,"2014-2015",2015,"Atlanta",18,-0.7,38,44,"46.3%",39.1,39.1,18,-1.1,19,105.8,15,106.5,10,0.7,6,3,6,6.9,11,110.3,5,103.4,2,6.9,"EAST"
"268",268,"2014-2015",2015,"New York",19,-1.2,37,45,"45.1%",37.8,37.8,17,-0.8,11,107.9,23,109.1,20,-0.3,5,2,5,7.3,8,111.7,6,104.4,1,10.1,"EAST"
"269",269,"2014-2015",2015,"Denver",20,-2.1,36,46,"43.9%",35.5,35.5,12,0.5,18,106,21,108,24,-1.3,4,4,15,1.6,16,108.4,10,106.8,3,5.1,"WEST"
"270",270,"2014-2015",2015,"Cleveland",21,-2.9,33,49,"40.2%",33.4,33.4,15,-0.4,21,104.9,18,107.7,19,-0.3,3,4,7,6.3,6,112.7,9,106.5,13,0.5,"EAST"
"271",271,"2014-2015",2015,"New Orleans",22,-3.1,34,48,"41.5%",32.8,32.8,9,1.2,13,107.1,26,110.2,22,-0.5,2,6,23,-7.3,26,105.6,24,112.8,15,0.3,"WEST"
"272",272,"2014-2015",2015,"Sacramento",23,-3.8,28,54,"34.1%",30.9,30.9,28,-2.9,20,105.5,24,109.3,9,0.8,2,6,30,-10.7,30,100.8,22,111.6,19,-2.1,"WEST"
"273",273,"2014-2015",2015,"Detroit",24,-4,29,53,"35.4%",30.6,30.6,22,-1.6,16,106.2,25,110.2,30,-2.4,2,6,25,-7.6,7,112.1,30,119.7,10,1.6,"EAST"
"274",274,"2014-2015",2015,"Boston",25,-5.6,25,57,"30.5%",26.4,26.4,19,-1.4,27,102.3,20,107.9,21,-0.5,2,6,26,-8.7,17,107.8,29,116.5,23,-2.6,"EAST"
"275",275,"2014-2015",2015,"Orlando",26,-6,23,59,"28.0%",25.4,25.4,26,-2.4,29,101.8,19,107.8,17,-0.2,2,6,27,-10.3,29,101,21,111.3,25,-2.8,"EAST"
"276",276,"2014-2015",2015,"LA Lakers",27,-6.8,27,55,"32.9%",23.9,23.9,4,3.1,23,104,27,110.8,14,0.1,2,6,24,-7.4,27,105.3,23,112.6,8,2.8,"WEST"
"277",277,"2014-2015",2015,"Utah",28,-9.2,25,57,"30.5%",19.1,19.1,1,5.9,26,103.1,30,112.2,25,-1.4,2,5,28,-10.6,25,105.9,27,116.4,27,-3.4,"WEST"
"278",278,"2014-2015",2015,"Milwaukee",29,-10.1,15,67,"18.3%",17.3,17.3,25,-2.3,28,101.9,29,112,23,-1.2,1,7,29,-10.6,24,105.9,28,116.5,17,-1.3,"EAST"
"279",279,"2014-2015",2015,"Philadelphia",30,-11.6,19,63,"23.2%",14.4,14.4,2,4.6,30,99.5,28,111.1,28,-1.8,3,5,21,-6.2,20,107.5,26,113.7,5,3.9,"EAST"
"280",280,"2013-2014",2014,"Average",NA,NA,41,41,"",NA,NA,NA,NA,NA,105.8,NA,105.8,NA,NA,4,4,NA,NA,NA,105.9,NA,105.9,NA,NA,NA
"281",281,"2013-2014",2014,"Oklahoma City",1,10.4,60,22,"73.2%",65.4,65.4,30,-5.4,2,112.2,4,101.7,1,1.8,6,2,4,10.4,5,113.2,7,102.8,3,5.6,"WEST"
"282",282,"2013-2014",2014,"Miami",2,9.2,66,16,"80.5%",62.7,62.7,3,3.3,1,113.4,9,104.2,11,0.5,8,0,2,12,6,112.4,3,100.4,7,4.5,"EAST"
"283",283,"2013-2014",2014,"LA Clippers",3,7.8,56,26,"68.3%",60.1,60.1,27,-4.1,3,111.5,8,103.7,6,1.2,7,0,1,14,1,118.1,9,104.1,5,5.5,"WEST"
"284",284,"2013-2014",2014,"San Antonio",4,6.8,58,24,"70.7%",58.5,58.5,22,-0.5,9,108,3,101.1,9,0.8,3,5,18,-3,28,98.9,5,102,28,-4.8,"WEST"
"285",285,"2013-2014",2014,"Denver",5,5.9,57,25,"69.5%",55.9,55.9,11,1.1,5,110.9,11,105,4,1.5,7,1,3,10.7,4,113.3,6,102.5,9,2.2,"WEST"
"286",286,"2013-2014",2014,"Memphis",6,5.5,56,26,"68.3%",55.7,55.7,16,0.3,18,105.2,2,99.7,15,0.2,6,2,6,10.1,17,104.5,1,94.5,11,2.1,"WEST"
"287",287,"2013-2014",2014,"New York",7,5.2,54,28,"65.9%",54.3,54.3,21,-0.3,4,111.2,15,105.9,8,1,7,2,8,8.5,2,115.8,21,107.3,6,5.3,"EAST"
"288",288,"2013-2014",2014,"Indiana",8,4.8,49,32,"60.5%",54.1,53.4,28,-4.4,19,104.4,1,99.6,5,1.3,1,5,29,-13.1,29,98.7,27,111.8,30,-15.7,"EAST"
"289",289,"2013-2014",2014,"Houston",9,3.3,45,37,"54.9%",49.5,49.5,29,-4.5,6,109.8,20,106.6,2,1.8,4,4,13,1.6,12,108.7,20,107,22,-2.3,"WEST"
"290",290,"2013-2014",2014,"Brooklyn",10,2.2,49,33,"59.8%",46.9,46.9,5,2.1,7,108.6,18,106.3,13,0.4,7,2,5,10.3,3,113.3,8,103.1,8,3.5,"EAST"
"291",291,"2013-2014",2014,"LA Lakers",11,1.6,45,37,"54.9%",45.2,45.2,19,-0.2,8,108.3,21,106.7,29,-1.8,6,1,12,3.7,8,110.2,18,106.5,15,-1,"WEST"
"292",292,"2013-2014",2014,"Chicago",12,1.1,45,37,"54.9%",44,44,14,1,21,103.6,5,102.5,21,-0.7,5,4,16,0,14,105.8,16,105.8,18,-1.2,"EAST"
"293",293,"2013-2014",2014,"Atlanta",13,1,44,38,"53.7%",43.7,43.7,17,0.3,16,105.3,10,104.4,24,-1.1,2,5,20,-4,18,104,23,108,27,-4.8,"EAST"
"294",294,"2013-2014",2014,"Golden State",14,0.2,47,35,"57.3%",41.5,41.5,1,5.5,11,106.2,16,106,16,0.2,5,3,10,4.5,9,109,12,104.6,19,-1.6,"WEST"
"295",295,"2013-2014",2014,"Utah",15,0.2,43,39,"52.4%",41.5,41.5,6,1.5,10,106.4,17,106.2,20,-0.5,4,3,14,0.8,20,102.5,4,101.6,13,-0.3,"WEST"
"296",296,"2013-2014",2014,"Boston",16,-0.2,41,40,"50.6%",40.4,39.9,12,1.1,24,103.3,7,103.5,22,-0.8,3,4,15,0.5,13,107.5,19,106.9,12,1.9,"EAST"
"297",297,"2013-2014",2014,"Dallas",17,-0.4,41,41,"50.0%",39.9,39.9,10,1.1,12,106.1,19,106.5,23,-0.9,5,3,11,4.4,10,108.9,11,104.5,14,-0.6,"WEST"
"298",298,"2013-2014",2014,"Milwaukee",18,-1.5,38,44,"46.3%",36.8,36.8,9,1.2,22,103.5,12,105,26,-1.3,2,7,22,-4.6,26,99.8,10,104.3,29,-5,"EAST"
"299",299,"2013-2014",2014,"Toronto",19,-2.3,34,48,"41.5%",34.9,34.9,23,-0.9,14,105.7,23,108,12,0.4,7,1,7,8.8,11,108.8,2,100,2,6.8,"EAST"
"300",300,"2013-2014",2014,"Minnesota",20,-2.6,31,51,"37.8%",34,34,26,-3,25,102.5,13,105,10,0.7,4,5,17,-1.9,19,103.1,13,105,16,-1.1,"WEST"
"301",301,"2013-2014",2014,"Washington",21,-3.3,29,53,"35.4%",31.9,31.9,25,-2.9,30,99.7,6,102.9,7,1.1,1,7,25,-8.3,25,100.1,24,108.4,25,-3.5,"EAST"
"302",302,"2013-2014",2014,"Philadelphia",22,-3.4,34,48,"41.5%",31.7,31.7,4,2.3,26,102.2,14,105.6,28,-1.5,4,5,19,-3.6,21,102.2,15,105.8,20,-1.9,"EAST"
"303",303,"2013-2014",2014,"Portland",23,-3.5,33,49,"40.2%",31.9,31.9,13,1.1,13,106,25,109.5,17,-0.3,0,8,30,-15.4,27,99,30,114.4,25,-3.5,"WEST"
"304",304,"2013-2014",2014,"Detroit",24,-4.9,29,53,"35.4%",28.1,28.1,15,0.9,23,103.3,24,108.2,18,-0.4,4,3,9,5.3,7,110.7,14,105.4,1,7.8,"EAST"
"305",305,"2013-2014",2014,"New Orleans",25,-5.4,27,55,"32.9%",27.1,27.1,18,-0.1,17,105.2,28,110.7,3,1.7,1,7,28,-12.9,24,100.8,29,113.7,21,-2.2,"WEST"
"306",306,"2013-2014",2014,"Sacramento",26,-5.7,28,54,"34.1%",26.5,26.5,7,1.5,15,105.6,29,111.3,19,-0.5,1,7,24,-7.3,15,105.5,28,112.8,17,-1.1,"WEST"
"307",307,"2013-2014",2014,"Cleveland",27,-6,24,58,"29.3%",25.6,25.6,24,-1.6,20,103.7,26,109.7,14,0.3,2,7,26,-8.7,23,101,25,109.7,23,-2.3,"EAST"
"308",308,"2013-2014",2014,"Phoenix",28,-6.7,25,57,"30.5%",23.8,23.8,8,1.2,29,101.2,22,107.8,25,-1.2,2,6,23,-6.7,16,104.6,26,111.3,3,5.6,"WEST"
"309",309,"2013-2014",2014,"Orlando",29,-8.4,20,62,"24.4%",20.3,20.3,20,-0.3,27,101.4,27,109.8,26,-1.3,1,6,27,-12.1,30,95.8,22,108,24,-3.3,"EAST"
"310",310,"2013-2014",2014,"Charlotte",30,-10.3,21,61,"25.6%",16.8,16.8,2,4.2,28,101.3,30,111.7,30,-1.8,4,4,21,-4.4,22,101.7,17,106.1,9,2.2,"EAST"
