"","X","Player.Name","Position","Age","Team","GP","GS","MP","FG","FGA","FG.","X3P","X3PA","X3P.","X2P","X2PA","X2P.","eFG.","FT","FTA","FT.","ORB","DRB","TRB","AST","STL","BLK","TOV","PF","PTS","Total.Minutes","PER","TS.","X3PAr","FTr","ORB.","DRB.","TRB.","AST.","STL.","BLK.","TOV.","USG.","OWS","DWS","WS","WS.48","OBPM","DBPM","BPM","VORP","Rank"
"1",225,"AJ Griffin","SF",19,"ATL",72,12,19.5,3.4,7.4,0.465,1.4,3.6,0.39,2,3.8,0.536,0.56,0.6,0.7,0.894,0.5,1.6,2.1,1,0.6,0.2,0.6,1.2,8.9,1401,12.6,0.577,0.486,0.088,2.9,9.2,6,7,1.4,0.7,7.1,17.9,1.3,0.9,2.2,0.075,-0.3,-0.5,-0.8,0.4,9
"2",278,"Jalen Johnson","SF",21,"ATL",70,6,14.9,2.3,4.6,0.491,0.4,1.5,0.288,1.8,3.1,0.587,0.537,0.7,1.1,0.628,0.7,3.3,4,1.2,0.5,0.5,0.6,1.6,5.6,1042,14.1,0.554,0.323,0.242,5.3,24.6,14.8,10.4,1.7,2.8,10.3,16,0.8,1.3,2.1,0.099,-1.2,1.5,0.3,0.6,10
"3",43,"Garrison Mathews","SG",26,"ATL",54,0,12.7,1.4,3.7,0.363,1.2,3.3,0.35,0.2,0.4,0.476,0.52,0.9,1,0.906,0.2,1.1,1.4,0.5,0.4,0.1,0.4,1.1,4.8,686,9.7,0.573,0.896,0.264,1.7,10,5.8,5.1,1.7,0.7,7.8,14.7,0.7,0.3,1,0.067,-2,-0.4,-2.4,-0.1,11
"4",21,"Bruno Fernando","C",24,"ATL",39,4,10.4,1.5,2.9,0.527,0,0.1,0,1.5,2.8,0.546,0.527,0.9,1.3,0.7,1.4,2.1,3.5,0.8,0.2,0.9,0.6,1.9,3.9,405,16.6,0.571,0.036,0.446,14.5,22.8,18.6,10.8,0.7,8.1,15.7,16.3,0.5,0.4,0.9,0.109,-2.8,0.7,-2,0,12
"5",252,"Aaron Holiday","PG",26,"ATL",63,6,13.4,1.5,3.5,0.418,0.6,1.4,0.409,0.9,2.1,0.424,0.5,0.4,0.5,0.844,0.4,0.8,1.2,1.4,0.6,0.2,0.6,1.3,3.9,845,9.4,0.528,0.4,0.145,3.2,6.4,4.8,13,2.1,1.2,13.3,13.4,0.3,0.6,0.9,0.053,-2.9,0.9,-2,0,13
"6",36,"Frank Kaminsky","C",29,"ATL",36,0,6.5,0.9,1.8,0.492,0.4,0.9,0.394,0.5,0.8,0.6,0.595,0.4,0.4,0.875,0.2,1.3,1.4,0.9,0.2,0.1,0.3,0.6,2.5,235,15.3,0.635,0.524,0.254,3.2,21.2,12.1,17.8,1.2,1.6,11.4,14.1,0.5,0.2,0.7,0.141,1.2,1.7,2.8,0.3,14
"7",30,"Justin Holiday","SF",33,"ATL",46,2,15.3,1.7,4.4,0.377,1,3.1,0.322,0.7,1.3,0.508,0.49,0.1,0.2,0.625,0.1,1.1,1.2,0.9,0.4,0.4,0.5,1.5,4.5,706,6.6,0.494,0.701,0.039,0.8,8.1,4.4,7.5,1.3,2.3,9.6,14.1,-0.4,0.5,0.1,0.008,-3.7,-0.1,-3.9,-0.3,15
"8",306,"Vit Krejci","PG",22,"ATL",29,0,5.7,0.5,1.3,0.405,0.2,0.7,0.238,0.3,0.6,0.625,0.473,0,0.1,0.5,0.2,0.7,0.9,0.6,0.2,0,0.2,0.6,1.2,165,7.7,0.475,0.568,0.054,3.9,13.4,8.6,12.4,1.4,0.5,11.7,10.9,0,0.1,0.1,0.042,-4.2,0.6,-3.6,-0.1,16
"9",158,"Jarrett Culver","SF",23,"ATL",10,1,13.7,1.7,4.3,0.395,0.1,1.2,0.083,1.6,3.1,0.516,0.407,0.9,1.3,0.692,1,2.8,3.8,0.6,0.6,0.2,0.7,1.4,4.4,137,9.5,0.452,0.279,0.302,7.9,22.6,15.2,5.5,2.1,1.2,12.6,17.1,-0.1,0.2,0,0.014,-4.8,0.6,-4.2,-0.1,17
"10",338,"Tyrese Martin","SG",23,"ATL",16,0,4.1,0.6,1.4,0.391,0.1,0.4,0.143,0.5,1,0.5,0.413,0.1,0.1,1,0.3,0.4,0.8,0.1,0.1,0,0.1,0.1,1.3,66,7.7,0.44,0.304,0.087,8.2,11.7,10,3.9,0.7,0,7.7,16.5,0,0,0,-0.01,-4.2,-3.1,-7.4,-0.1,18
"11",516,"Donovan Williams","SG",21,"ATL",2,0,2,1,2.5,0.4,0,1,0,1,1.5,0.667,0.4,0,0,NA,0,1,1,0,0,0,0,0,2,4,14.5,0.4,0.4,0,0,55.4,27.4,0,0,0,0,52.5,0,0,0,-0.225,-9.1,-6.1,-15.2,0,19
"12",196,"Trent Forrest","SG",24,"ATL",23,3,12,1.1,2.6,0.417,0,0.1,0,1.1,2.5,0.431,0.417,0.1,0.1,0.667,0.2,1.4,1.6,1.7,0.3,0.1,0.7,0.7,2.3,277,6.1,0.424,0.033,0.05,2,12.8,7.3,16.5,1.2,0.6,19.7,11.6,-0.2,0.2,-0.1,-0.011,-5.3,0.2,-5.1,-0.2,20
"13",242,"Sam Hauser","SF",25,"BOS",80,8,16.1,2.3,5,0.455,1.8,4.2,0.418,0.5,0.8,0.656,0.631,0.2,0.2,0.706,0.4,2.1,2.6,0.9,0.4,0.3,0.4,1.2,6.4,1290,12.7,0.634,0.846,0.043,3,14.1,8.6,7.6,1.1,1.4,6.9,14.7,1.8,1.6,3.4,0.128,0.6,0.4,1,1,9
"14",305,"Luke Kornet","C",27,"BOS",69,0,11.7,1.6,2.5,0.665,0,0.2,0.231,1.6,2.3,0.701,0.674,0.5,0.6,0.821,1.2,1.6,2.9,0.8,0.2,0.7,0.4,1.2,3.8,804,16.7,0.697,0.076,0.229,11.9,14.8,13.4,9.1,0.7,4.9,11.8,11.5,2.1,1.2,3.3,0.198,-0.4,1.3,1,0.6,10
"15",226,"Blake Griffin","C",33,"BOS",41,16,13.9,1.5,3.2,0.485,0.6,1.6,0.348,1,1.6,0.625,0.573,0.5,0.8,0.656,1.1,2.6,3.8,1.5,0.3,0.2,0.5,1.8,4.1,569,13.1,0.59,0.508,0.246,9.2,20.4,14.9,14.2,1.2,1.4,13.2,12.7,1,0.8,1.8,0.153,-1.4,1.5,0.1,0.3,11
"16",414,"Payton Pritchard","PG",25,"BOS",48,3,13.4,2.1,5.1,0.412,1.2,3.2,0.364,0.9,1.9,0.495,0.527,0.3,0.3,0.75,0.5,1.3,1.8,1.3,0.3,0,0.8,0.8,5.6,643,10.3,0.536,0.629,0.065,4.3,10.5,7.5,14,1.1,0.1,13.7,19.8,-0.1,0.7,0.6,0.045,-2.1,-1.2,-3.4,-0.2,12
"17",490,"Noah Vonleh","C",27,"BOS",23,1,7.4,0.5,1,0.458,0,0.2,0.25,0.4,0.9,0.5,0.479,0.1,0.1,1,0.8,1.3,2.1,0.3,0.1,0.3,0.5,1.5,1.1,171,5.9,0.502,0.167,0.083,11.7,18.8,15.3,5.1,0.6,4,30.7,9.2,0,0.3,0.2,0.06,-7,0.7,-6.3,-0.2,13
"18",166,"JD Davison","SG",20,"BOS",12,0,5.5,0.7,1.6,0.421,0.2,0.6,0.286,0.5,1,0.5,0.474,0.1,0.2,0.5,0.2,0.6,0.8,0.9,0.2,0.2,0.3,0.4,1.6,66,10.1,0.478,0.368,0.105,3.4,11.4,7.4,22.4,1.5,2.6,16.8,15.8,0,0.1,0.1,0.059,-4.5,0.4,-4.2,0,14
"19",272,"Justin Jackson","SF",27,"BOS",23,0,4.7,0.3,1.2,0.259,0.2,0.9,0.25,0.1,0.3,0.286,0.352,0,0.1,0.5,0.1,0.7,0.7,0.4,0.2,0.2,0.1,0.3,0.9,107,6.3,0.359,0.741,0.074,2.1,15.1,8.7,10.5,1.8,3.2,6.7,12.2,-0.1,0.2,0.1,0.025,-4.2,1.6,-2.6,0,15
"20",294,"Mfiondu Kabengele","PF",25,"BOS",4,0,9,0.5,1.8,0.286,0,0.8,0,0.5,1,0.5,0.286,0.5,0.5,1,1.3,1.3,2.5,0,0.5,0,0.3,0.8,1.5,36,8.1,0.381,0.429,0.286,15.4,14.9,15.2,0,2.7,0,11.3,10.8,0,0.1,0.1,0.067,-6.6,-2.4,-8.9,-0.1,16
"21",475,"Cam Thomas","SG",21,"BRK",57,4,16.6,3.5,8,0.441,0.9,2.3,0.383,2.6,5.7,0.464,0.497,2.6,3.1,0.868,0.1,1.5,1.7,1.4,0.4,0.1,1.1,1,10.6,948,14.7,0.567,0.292,0.382,1,10.1,5.6,12.7,1,0.6,10.6,27.8,0.3,0.7,1,0.049,-0.7,-2,-2.7,-0.2,9
"22",357,"Patty Mills","PG",34,"BRK",40,2,14.2,2.2,5.2,0.411,1.2,3.4,0.366,0.9,1.9,0.493,0.529,0.6,0.8,0.833,0.2,0.9,1.1,1.4,0.4,0.1,0.8,0.8,6.2,567,10.6,0.554,0.641,0.144,1.6,7,4.4,13.9,1.3,0.5,11.9,19.7,0,0.4,0.4,0.035,-1.4,-1.7,-3.1,-0.2,10
"23",217,"RaiQuan Gray","PF",23,"BRK",1,0,35,6,12,0.5,2,5,0.4,4,7,0.571,0.583,2,2,1,3,6,9,7,0,1,4,5,16,35,15.5,0.621,0.417,0.167,9.9,18.8,14.4,29,0,2.4,23.7,21.4,0,0,0.1,0.106,-0.6,-1.4,-2,0,11
"24",185,"David Duke Jr.","SG",23,"BRK",23,0,9.9,1.6,3.4,0.462,0,0.5,0.083,1.5,2.9,0.53,0.468,0.5,0.7,0.706,0.5,0.8,1.3,0.9,0.4,0,0.8,1.3,3.7,228,8.3,0.497,0.154,0.218,5.5,8.7,7.1,13.1,2.1,0.4,17.4,20.1,-0.3,0.2,-0.1,-0.011,-6.3,-1,-7.3,-0.3,12
"25",515,"Alondes Williams","SG",23,"BRK",1,0,5,0,0,NA,0,0,NA,0,0,NA,NA,0,0,NA,0,1,1,0,0,0,2,1,0,5,-20.9,NA,NA,NA,0,22,11.2,0,0,0,100,17.7,-0.1,0,-0.1,-0.517,-21.3,-5.2,-26.5,0,13
"26",183,"Andre Drummond","C",29,"CHI",67,0,12.7,2.5,4.1,0.606,0,0,0,2.5,4,0.613,0.606,1,1.9,0.536,2.1,4.6,6.6,0.5,0.7,0.4,1.1,1.7,6,849,20.8,0.606,0.011,0.456,18.7,40.2,29.6,5.7,2.6,3.1,18.6,21,0.8,2,2.8,0.159,-1.2,0.5,-0.8,0.3,9
"27",285,"Derrick Jones Jr.","PF",25,"CHI",64,0,14,1.8,3.6,0.5,0.4,1.3,0.338,1.4,2.3,0.587,0.559,1,1.3,0.738,0.9,1.5,2.4,0.5,0.5,0.6,0.4,1.3,5,893,13.8,0.597,0.348,0.365,7.7,11.6,9.7,5.1,1.6,4,8.6,14.5,1.2,1.2,2.4,0.131,-1.2,0.8,-0.4,0.3,10
"28",222,"Javonte Green","SF",29,"CHI",32,1,15,1.9,3.4,0.565,0.4,1.1,0.371,1.5,2.3,0.658,0.625,0.9,1.4,0.667,0.8,1.9,2.8,0.7,0.8,0.7,0.6,1.6,5.2,480,14.5,0.646,0.324,0.417,6.5,14.2,10.4,6.4,2.4,4.2,13.5,13.6,0.6,0.8,1.4,0.142,-1.1,2.5,1.4,0.4,11
"29",473,"Dalen Terry","SG",20,"CHI",38,0,5.6,0.8,1.9,0.444,0.2,0.7,0.259,0.7,1.2,0.556,0.493,0.4,0.6,0.667,0.3,0.7,1,0.6,0.3,0.1,0.2,0.6,2.2,214,14.1,0.523,0.375,0.292,6.5,13,9.8,14.1,2.5,2.3,9,18.4,0.1,0.3,0.5,0.105,-1.7,1.7,0,0.1,12
"30",18,"Goran Dragić","PG",36,"CHI",58,0,15,2.4,5.8,0.421,0.9,2.5,0.359,1.5,3.3,0.468,0.499,0.5,0.8,0.689,0.3,1.1,1.4,2.6,0.2,0.1,1.1,1.1,6.3,870,10.3,0.514,0.433,0.134,2.1,8.2,5.2,24.3,0.7,0.4,15.1,21.1,-0.3,0.7,0.4,0.025,-2.1,-1.8,-3.9,-0.4,13
"31",113,"Tony Bradley","C",25,"CHI",12,0,2.8,0.5,1,0.5,0.3,0.4,0.6,0.3,0.6,0.429,0.625,0.3,0.3,1,0.1,0.8,0.9,0.1,0.1,0.1,0.1,0.2,1.6,33,21.7,0.69,0.417,0.333,3.5,33.8,18.9,4.4,1.5,2.9,6.8,19.8,0.1,0.1,0.2,0.22,4.4,0.5,4.9,0.1,14
"32",284,"Carlik Jones","PG",25,"CHI",7,0,8,0.9,2.1,0.4,0.4,0.9,0.5,0.4,1.3,0.333,0.5,0.7,1.1,0.625,0.1,0.6,0.7,0.9,0.3,0,0.3,0.3,2.9,56,11.1,0.54,0.4,0.533,2.1,8,5.1,13.9,1.7,0,9.7,16.2,0,0.1,0.1,0.078,-2.8,0.4,-2.5,0,15
"33",251,"Malcolm Hill","SF",27,"CHI",5,0,1.8,0.4,0.8,0.5,0.2,0.6,0.333,0.2,0.2,1,0.625,0,0,NA,0,0.6,0.6,0,0,0,0,0.2,1,9,15.4,0.625,0.75,0,0,37.2,18.9,0,0,0,0,19.7,0,0,0,0.125,1.6,0.8,2.4,0,16
"34",453,"Marko Simonovic","C",23,"CHI",7,0,2.9,0.3,1,0.286,0.1,0.6,0.25,0.1,0.4,0.333,0.357,0.1,0.3,0.5,0.1,0.1,0.3,0,0,0,0,0.7,0.9,20,-0.1,0.381,0.571,0.286,5.8,5.6,5.7,0,0,0,0,17.4,0,0,0,-0.052,-10.5,-3.8,-14.4,-0.1,17
"35",434,"Terry Rozier","SG",28,"CHO",63,63,35.3,7.8,18.9,0.415,2.6,8,0.327,5.2,10.8,0.48,0.484,2.8,3.5,0.809,0.8,3.3,4.1,5.1,1.2,0.3,2.1,1.9,21.1,2221,14.7,0.517,0.425,0.185,2.4,10.2,6.2,22.7,1.6,0.6,9.4,26.9,0.1,1.6,1.7,0.037,0.6,-1.1,-0.6,0.8,9
"36",457,"Dennis Smith Jr.","PG",25,"CHO",54,15,25.7,3.4,8.4,0.412,0.4,2.1,0.216,3,6.3,0.475,0.438,1.4,2,0.736,0.5,2.6,3.1,4.8,1.4,0.5,1.5,2.3,8.8,1390,11.6,0.475,0.246,0.235,2,11,6.4,26.1,2.6,1.6,14.1,17.6,-0.4,1.5,1.1,0.039,-3.5,1.2,-2.2,-0.1,10
"37",47,"Svi Mykhailiuk","SF",25,"CHO",32,8,14.6,2.4,5.4,0.445,1.3,3.1,0.424,1.1,2.3,0.473,0.566,0.8,1.2,0.667,0.5,1.2,1.7,1.7,0.5,0.1,0.8,0.7,6.9,468,14,0.584,0.572,0.225,3.4,8.9,6.1,16.5,1.5,0.7,11.2,19.3,0.5,0.3,0.8,0.081,0.5,-0.7,-0.1,0.2,11
"38",329,"Théo Maledon","PG",21,"CHO",44,7,19.4,2.3,5.8,0.402,0.6,2.2,0.295,1.7,3.6,0.465,0.457,1.4,1.7,0.851,0.3,2.5,2.8,3.5,0.8,0.3,1.3,1.4,6.7,854,11.6,0.515,0.374,0.291,1.7,13.9,7.7,24.2,2.1,1.2,17.1,17,0,0.9,0.8,0.047,-3,0.5,-2.5,-0.1,12
"39",287,"Kai Jones","C",22,"CHO",46,0,12,1.5,2.6,0.558,0.1,0.4,0.211,1.4,2.2,0.624,0.575,0.4,0.6,0.731,0.8,1.9,2.7,0.3,0.4,0.7,0.7,1.4,3.4,550,10.8,0.597,0.158,0.217,7,17,11.9,3.7,1.5,4.7,19.1,12.4,0,0.7,0.7,0.062,-4.8,0.8,-4,-0.3,13
"40",477,"JT Thor","PF",20,"CHO",69,8,14,1.4,3.4,0.399,0.6,1.8,0.317,0.8,1.7,0.487,0.481,0.5,0.7,0.702,0.5,1.7,2.2,0.5,0.3,0.3,0.6,1,3.8,969,7,0.506,0.517,0.197,3.9,13,8.4,4.9,1.1,2.1,14.5,13.1,-0.6,0.8,0.2,0.009,-4.3,-0.4,-4.7,-0.7,14
"41",336,"Cody Martin","SF",27,"CHO",7,0,19.1,2,5.1,0.389,0.4,2,0.214,1.6,3.1,0.5,0.431,0.6,1,0.571,1.1,2.3,3.4,1.6,0.6,0.1,0.3,1.9,5,134,8.7,0.448,0.389,0.194,6.2,13,9.5,11,1.4,0.6,4.9,12.9,0,0.1,0.1,0.045,-3.8,-0.8,-4.6,-0.1,15
"42",350,"Bryce McGowens","SG",20,"CHO",46,7,17.1,1.7,4.4,0.396,0.6,1.7,0.325,1.2,2.7,0.443,0.46,1.3,1.7,0.75,0.4,1.6,2,1.2,0.3,0.1,0.9,1,5.3,787,7.2,0.519,0.396,0.396,2.7,10.1,6.3,9.1,0.9,0.7,15.3,15,-0.4,0.4,0.1,0.005,-4.6,-1.4,-6,-0.8,16
"43",461,"Xavier Sneed","SF",25,"CHO",4,0,12,1.3,2.5,0.5,0.8,1.5,0.5,0.5,1,0.5,0.65,1,1,1,0,1.3,1.3,1.3,0,0.3,0.8,1.8,4.3,48,9.5,0.723,0.6,0.4,0,11.3,5.6,13.9,0,1.8,20.3,12.9,0.1,0,0.1,0.086,-3.1,-0.4,-3.6,0,17
"44",452,"Kobi Simmons","SG",25,"CHO",5,0,5.6,0.2,1.2,0.167,0.2,1,0.2,0,0.2,0,0.25,0.4,0.4,1,0.2,0.6,0.8,1,0,0.4,0.2,0,1,28,9,0.363,0.833,0.333,3.7,11.7,7.6,21.8,0,6.2,12.7,11.8,0,0,0,0.019,-1,0.1,-0.9,0,18
"45",112,"James Bouknight","SG",22,"CHO",34,0,15.1,2,5.7,0.358,1,3.2,0.303,1.1,2.5,0.429,0.443,0.6,0.9,0.667,0.2,1.9,2.1,1.2,0.4,0.1,0.9,1.4,5.6,515,6.2,0.463,0.565,0.155,1.6,13.5,7.5,11.1,1.3,0.8,13.4,19.5,-0.8,0.4,-0.4,-0.04,-5.4,-1.1,-6.5,-0.6,19
"46",492,"Dean Wade","PF",26,"CLE",44,13,20.3,1.7,4,0.412,1,2.9,0.354,0.6,1.1,0.56,0.54,0.3,0.5,0.652,0.5,3,3.4,0.8,0.6,0.5,0.4,2,4.7,891,8.5,0.55,0.718,0.13,2.6,17.2,9.9,5.4,1.6,2.2,8.3,10.2,0.4,1.4,1.8,0.097,-2.9,2.1,-0.7,0.3,9
"47",380,"Raul Neto","PG",30,"CLE",48,1,10.5,1.2,2.3,0.518,0.3,0.9,0.286,0.9,1.4,0.662,0.573,0.6,0.7,0.912,0.2,0.8,1,1.6,0.4,0.1,0.5,1,3.3,505,12.6,0.628,0.382,0.309,2.3,8.4,5.4,21,1.7,0.7,16.1,13.2,0.8,0.6,1.5,0.142,-1.7,1.5,-0.2,0.2,10
"48",435,"Ricky Rubio","PG",32,"CLE",33,2,17.2,1.8,5.4,0.343,0.6,2.5,0.256,1.2,2.9,0.417,0.402,0.8,1.1,0.8,0.3,1.8,2.1,3.5,0.8,0.2,0.9,1.5,5.2,566,10.4,0.442,0.461,0.197,1.9,12.7,7.3,27.1,2.3,1,13.8,17.7,-0.2,0.9,0.7,0.062,-3.8,1.1,-2.8,-0.1,11
"49",326,"Robin Lopez","C",34,"CLE",37,2,8.1,1.3,2,0.64,0.1,0.1,0.5,1.2,1.9,0.648,0.653,0.4,0.5,0.778,0.6,0.8,1.4,0.5,0.1,0.2,0.7,1.2,3,299,11.6,0.675,0.053,0.24,9.1,11,10,9.1,0.3,2.5,23.2,16.1,0.2,0.3,0.6,0.094,-3.4,0.3,-3,-0.1,12
"50",171,"Mamadi Diakite","C",26,"CLE",22,2,8,1.1,2.3,0.48,0.3,1,0.333,0.8,1.3,0.586,0.55,0.1,0.1,1,0.4,1,1.4,0.4,0.2,0.4,0.5,1.2,2.6,176,9,0.56,0.42,0.04,5.4,14.7,10,6.3,1.1,4.7,19.1,16,-0.1,0.3,0.2,0.051,-4.9,1.6,-3.4,-0.1,13
"51",354,"Sam Merrill","SG",26,"CLE",5,0,11.8,1.8,4.4,0.409,1,3.6,0.278,0.8,0.8,1,0.523,0.4,0.4,1,0,1.8,1.8,1,0.8,0,0,0.6,5,59,15.5,0.546,0.818,0.091,0,18,9,12,3.4,0,0,17.3,0.1,0.1,0.2,0.16,-1.2,2.5,1.2,0,14
"52",364,"Isaiah Mobley","PF",23,"CLE",12,0,7,1,2.3,0.429,0.3,0.7,0.375,0.8,1.7,0.45,0.482,0.3,0.3,1,0.3,1.3,1.7,0.3,0.3,0.3,0.1,0.7,2.6,84,14.1,0.521,0.286,0.143,5.6,22.4,14,5,2.4,3.3,3.3,16.4,0.1,0.2,0.2,0.135,-2.5,1.1,-1.4,0,15
"53",528,"Dylan Windler","SF",26,"CLE",3,0,3.3,0.7,1,0.667,0.3,0.7,0.5,0.3,0.3,1,0.833,0,0,NA,0,0,0,0.3,0.3,0,0.3,0,1.7,10,19,0.833,0.667,0,0,0,0,15.2,5,0,25,17.9,0,0,0,0.149,3.2,3.5,6.7,0,16
"54",22,"Dorian Finney-Smith","PF",29,"DAL",66,66,30.4,3,7.6,0.391,1.7,5.1,0.337,1.2,2.5,0.503,0.505,0.7,0.9,0.763,1.7,3.1,4.8,1.5,0.8,0.5,0.9,2.2,8.3,2009,9.2,0.523,0.675,0.118,6.5,11.5,9,6.7,1.4,1.6,10.5,13.2,0.6,1.6,2.1,0.051,-1.7,-0.3,-2,0,9
"55",300,"Maxi Kleber","PF",31,"DAL",37,5,25.1,2.1,4.6,0.456,1.1,3,0.348,1,1.5,0.667,0.571,0.7,1,0.711,0.8,2.8,3.6,1.4,0.3,0.8,0.7,2.3,5.9,930,8.7,0.592,0.663,0.225,3.7,13.3,8.4,7.5,0.6,2.9,12.7,10.3,0.7,0.6,1.3,0.067,-2.2,0,-2.2,0,10
"56",101,"Dāvis Bertāns","PF",30,"DAL",45,1,10.9,1.5,3.6,0.431,1.2,3.1,0.39,0.3,0.4,0.737,0.603,0.3,0.3,0.867,0.2,1,1.2,0.5,0.2,0.2,0.2,1.2,4.6,492,11.9,0.618,0.881,0.094,2.3,10.3,6.3,6.2,1.1,1.5,5.7,16.2,0.6,0.3,0.9,0.09,0,-1.3,-1.2,0.1,11
"57",232,"Jaden Hardy","SG",20,"DAL",48,5,14.8,3,6.9,0.438,1.3,3.3,0.404,1.7,3.7,0.469,0.533,1.4,1.6,0.823,0.2,1.6,1.9,1.4,0.4,0.1,1,1.3,8.8,708,14.6,0.571,0.468,0.237,1.8,13,7.3,14.9,1.2,0.9,11.1,26.4,0.2,0.5,0.7,0.048,-0.4,-1.9,-2.3,0,12
"58",349,"JaVale McGee","C",35,"DAL",42,7,8.5,1.9,3,0.64,0,0.1,0.4,1.9,2.9,0.65,0.648,0.6,1,0.585,0.7,1.8,2.5,0.3,0.1,0.6,0.9,1.3,4.4,355,17.2,0.65,0.04,0.328,9.7,25.5,17.5,5.2,0.6,6.5,20.1,22.8,0.1,0.5,0.6,0.076,-3.6,-0.1,-3.7,-0.1,13
"59",399,"Theo Pinson","SG",27,"DAL",40,1,8.1,0.8,2.2,0.356,0.6,1.6,0.355,0.2,0.6,0.36,0.483,0.3,0.3,0.846,0.3,1.3,1.6,1.2,0.2,0,0.3,0.9,2.4,323,10.1,0.512,0.713,0.149,3.6,19.3,11.4,19.6,0.9,0.3,11.5,14.7,0.2,0.2,0.5,0.071,-2.5,-0.9,-3.4,-0.1,14
"60",532,"McKinley Wright IV","PG",24,"DAL",27,1,12.4,1.7,3.6,0.469,0.3,1,0.321,1.4,2.6,0.529,0.515,0.5,0.7,0.684,0.3,1.4,1.7,2.1,0.3,0.2,0.7,0.9,4.2,335,12.4,0.536,0.286,0.194,3.1,13.4,8.2,25.2,1.2,1.3,15.2,16.9,0.2,0.2,0.5,0.069,-1.9,-0.8,-2.7,-0.1,15
"61",45,"Markieff Morris","PF",33,"DAL",35,2,10.1,1.3,3.3,0.409,0.8,2,0.394,0.5,1.3,0.432,0.53,0.3,0.3,1,0.4,1.7,2,0.9,0.3,0.1,0.5,1.4,3.8,355,10.4,0.553,0.617,0.087,4.2,18.2,11.3,12.2,1.2,1.2,13.1,17.2,0.1,0.4,0.4,0.059,-2.3,-0.4,-2.7,-0.1,16
"62",497,"Kemba Walker","PG",32,"DAL",9,1,16,2.7,6.3,0.421,0.8,3.1,0.25,1.9,3.2,0.586,0.482,1.9,2.3,0.81,0.3,1.4,1.8,2.1,0.2,0.2,0.4,1.2,8,144,15,0.543,0.491,0.368,2.4,10.6,6.5,20.1,0.7,1.2,5.7,22.1,0.2,0.1,0.3,0.098,0.3,-0.6,-0.3,0.1,17
"63",177,"Tyler Dorsey","SF",26,"DAL",3,0,2.7,1.3,1.7,0.8,0.3,0.7,0.5,1,1,1,0.9,0,0,NA,0.3,0.3,0.7,0,0,0,0,0,3,8,45.5,0.9,0.4,0,14.4,14.7,14.5,0,0,0,0,28.3,0.1,0,0.1,0.367,17,0.8,17.8,0,18
"64",135,"Facundo Campazzo","PG",31,"DAL",8,0,6.5,0.4,1.6,0.231,0.4,1.4,0.273,0,0.3,0,0.346,0.1,0.3,0.5,0,0.3,0.3,1.1,0.8,0,0.4,0.4,1.3,52,7.8,0.36,0.846,0.154,0,4.5,2.2,22.6,5.7,0,17.8,14.7,-0.1,0.1,0,-0.012,-4.8,3.6,-1.2,0,19
"65",450,"Chris Silva","PF",26,"DAL",1,0,3,1,1,1,0,0,NA,1,1,1,1,0,0,NA,0,0,0,0,0,0,1,2,2,3,-2.2,1,0,0,0,0,0,0,0,0,50,30.1,0,0,0,-0.26,-22.5,-0.1,-22.6,0,20
"66",385,"Frank Ntilikina","SG",24,"DAL",47,5,12.9,1,2.8,0.364,0.4,1.4,0.254,0.7,1.4,0.477,0.428,0.5,0.7,0.667,0.1,1.2,1.3,1.2,0.3,0.1,0.6,1.4,2.9,607,5.2,0.461,0.508,0.25,1.3,10.7,5.9,12.8,1.3,1,16.5,13.1,-0.5,0.4,-0.1,-0.01,-6.1,-0.7,-6.7,-0.7,21
"67",223,"Jeff Green","PF",36,"DEN",56,4,19.5,2.9,5.9,0.488,0.5,1.9,0.288,2.3,4,0.58,0.534,1.6,2.1,0.744,0.7,1.9,2.6,1.2,0.3,0.3,0.8,1.8,7.8,1091,11,0.576,0.317,0.357,4.1,10.9,7.6,8.3,0.8,1.4,10.8,17,0.8,0.8,1.7,0.074,-2.4,-1,-3.4,-0.4,9
"68",383,"Zeke Nnaji","PF",22,"DEN",53,5,13.7,2.1,3.7,0.561,0.3,1.2,0.262,1.8,2.5,0.71,0.605,0.8,1.2,0.645,1.2,1.4,2.6,0.3,0.3,0.4,0.6,2,5.2,728,12.5,0.62,0.332,0.316,10.5,11.2,10.9,3.3,1.1,2.8,12.2,15.2,0.9,0.7,1.6,0.106,-2.7,-0.9,-3.7,-0.3,10
"69",290,"DeAndre Jordan","C",34,"DEN",39,8,15,2.3,2.9,0.765,0,0,1,2.2,2.9,0.763,0.77,0.6,1.2,0.458,1.3,3.8,5.2,0.9,0.3,0.6,1.2,1.8,5.1,586,14.7,0.731,0.009,0.417,10.5,28.6,19.8,7.7,1,3.5,26.1,13.7,0.5,0.9,1.4,0.112,-2.4,0.7,-1.8,0,11
"70",506,"Peyton Watson","SG",20,"DEN",23,2,8.1,1.3,2.6,0.492,0.3,0.6,0.429,1,2,0.511,0.542,0.5,0.9,0.55,0.3,1.3,1.6,0.5,0.1,0.5,0.3,0.6,3.3,186,12.8,0.553,0.237,0.339,5.1,17.4,11.4,7.9,0.5,5.2,10.6,17.7,0.1,0.2,0.3,0.073,-2.7,-0.1,-2.8,0,12
"71",510,"Jack White","SF",25,"DEN",17,0,3.9,0.5,1.1,0.421,0.2,0.5,0.333,0.3,0.6,0.5,0.5,0.1,0.2,0.667,0.4,0.6,1,0.2,0.2,0.1,0.1,0.5,1.2,66,12.6,0.517,0.474,0.158,10.7,18.6,14.8,7.7,2.2,2.7,9,14.7,0.1,0.1,0.1,0.108,-2.6,0.7,-1.9,0,13
"72",458,"Ish Smith","PG",34,"DEN",43,0,9.3,1.2,3,0.397,0,0.3,0.167,1.2,2.8,0.42,0.405,0,0.1,0.5,0.1,1.1,1.3,2.3,0.2,0.2,1,0.8,2.5,398,6.5,0.407,0.092,0.031,1.5,13.8,7.8,32.5,1,1.6,24.9,19.3,-0.8,0.4,-0.5,-0.056,-5.5,-1.1,-6.6,-0.5,14
"73",322,"Isaiah Livers","PF",24,"DET",52,22,23.1,2.3,5.5,0.417,1.4,3.9,0.365,0.9,1.6,0.541,0.545,0.6,0.8,0.821,0.5,2.2,2.8,0.8,0.5,0.5,0.6,2,6.7,1199,8.4,0.567,0.705,0.135,2.5,11,6.6,4.8,1.1,2.1,9,11.9,0.5,0.5,1,0.041,-2.1,-0.3,-2.4,-0.1,9
"74",351,"Rodney McGruder","SG",31,"DET",32,12,16.4,1.9,4.8,0.408,1.3,3,0.423,0.7,1.7,0.382,0.543,0.6,0.7,0.818,0.6,1.7,2.3,0.9,0.5,0,0.3,1.2,5.7,524,10.7,0.566,0.638,0.145,4.1,11.8,7.8,7.6,1.5,0.2,6.4,14,0.5,0.2,0.7,0.068,-0.8,-0.7,-1.5,0.1,10
"75",423,"Jared Rhoden","SG",23,"DET",14,0,14.1,1.2,3.1,0.386,0.4,1.4,0.25,0.9,1.7,0.5,0.443,0.4,0.4,1,0.8,1.9,2.6,0.3,0.3,0.1,0.2,1.6,3.2,198,6.5,0.482,0.455,0.136,6,15,10.4,2.8,1,0.4,6,10.7,0,0.1,0.1,0.027,-5,-1.1,-6.1,-0.2,11
"76",48,"Nerlens Noel","C",28,"DET",17,4,11.5,0.8,2.1,0.361,0.1,0.1,0.5,0.7,2,0.353,0.375,0.5,0.7,0.667,0.6,2.1,2.7,0.6,0.9,0.6,0.8,1.9,2.1,195,7.9,0.424,0.056,0.333,5.6,21,13.1,6.7,4,4.5,23.9,12,-0.3,0.3,0,0.007,-6.5,2.6,-3.8,-0.1,12
"77",268,"Jaden Ivey","SG",20,"DET",74,73,31.1,5.5,13.3,0.416,1.6,4.7,0.343,3.9,8.6,0.457,0.477,3.6,4.8,0.747,1,2.9,3.9,5.2,0.8,0.2,3.2,3.3,16.3,2304,12.1,0.528,0.356,0.362,3.4,10.7,6.9,26.2,1.3,0.7,17.2,25.4,-0.9,0.8,0,-0.001,-1.4,-1.9,-3.3,-0.7,13
"78",297,"Braxton Key","SF",25,"DET",3,0,3,0.3,0.3,1,0,0,NA,0.3,0.3,1,1,0.7,0.7,1,0,0.3,0.3,0,0,0,0,0,1.3,9,18.6,1.064,0,2,0,12.7,6.2,0,0,0,0,8.9,0,0,0,0.242,2.1,0.8,2.9,0,14
"79",485,"Stanley Umude","SG",23,"DET",1,0,2,0,1,0,0,1,0,0,0,NA,0,2,2,1,0,0,0,0,1,1,0,0,2,2,65.6,0.532,1,2,0,0,0,0,24.2,44.1,0,40,0,0,0,0.626,15.9,32.7,48.6,0,15
"80",159,"Cade Cunningham","PG",21,"DET",12,12,33.3,7.8,18.7,0.415,1.4,5.1,0.279,6.3,13.6,0.466,0.453,3,3.6,0.837,1,5.2,6.2,6,0.8,0.6,3.3,2.8,19.9,400,14,0.492,0.272,0.192,3.2,17.7,10.3,30.7,1.2,1.5,13.8,30,-0.4,0.2,-0.1,-0.018,-0.1,-0.6,-0.7,0.1,16
"81",104,"Buddy Boeheim","SF",23,"DET",10,0,9,0.5,2.7,0.185,0.4,2.5,0.16,0.1,0.2,0.5,0.259,0.2,0.2,1,0.2,0.4,0.6,0.4,0.2,0,0,0.6,1.6,90,0.5,0.287,0.926,0.074,2.4,5.1,3.7,5.8,1.1,0,0,13.2,-0.2,0,-0.2,-0.091,-7.5,-2,-9.5,-0.2,17
"82",244,"Killian Hayes","PG",21,"DET",76,56,28.3,4,10.7,0.377,1.1,3.8,0.28,3,7,0.429,0.426,1.2,1.5,0.821,0.4,2.5,2.9,6.2,1.4,0.4,2.3,2.9,10.3,2154,10.2,0.455,0.351,0.137,1.4,10.2,5.7,32.3,2.3,1.1,16.7,20.5,-1.9,1.4,-0.5,-0.012,-3.3,-0.5,-3.8,-1,18
"83",513,"Andrew Wiggins","SF",27,"GSW",37,37,32.2,6.8,14.3,0.473,2.4,6.1,0.396,4.4,8.2,0.53,0.557,1.2,1.9,0.611,1.6,3.4,5,2.3,1.2,0.8,1.3,2.9,17.1,1190,14.7,0.564,0.425,0.136,5.7,11.3,8.6,10.5,1.8,2.1,7.9,21.5,1,1.3,2.3,0.091,-0.1,-0.4,-0.5,0.5,9
"84",221,"JaMychal Green","PF",32,"GSW",57,1,14,2.4,4.4,0.54,0.7,1.9,0.378,1.6,2.5,0.667,0.623,0.9,1.2,0.776,1.3,2.3,3.6,0.9,0.4,0.4,0.9,1.8,6.4,797,15.5,0.65,0.44,0.266,10.1,18,14.1,8.9,1.5,2.5,15.6,17.5,1.2,1,2.2,0.133,-0.7,0.2,-0.5,0.3,10
"85",275,"Ty Jerome","SG",25,"GSW",45,2,18.1,2.6,5.4,0.488,0.8,2,0.389,1.8,3.4,0.546,0.56,0.8,0.9,0.927,0.2,1.6,1.7,3,0.5,0.1,0.7,1.4,6.9,816,12.8,0.594,0.372,0.169,1,9.4,5.3,22.1,1.3,0.5,10.3,14.9,1.4,0.7,2.1,0.124,-1.1,0.3,-0.8,0.3,11
"86",367,"Moses Moody","SG",20,"GSW",63,3,13,1.7,3.6,0.476,0.8,2.1,0.363,0.9,1.5,0.641,0.584,0.6,0.8,0.698,0.4,1.2,1.7,0.8,0.3,0.1,0.5,0.9,4.8,817,10.3,0.603,0.595,0.233,3.8,10.2,7.1,8.2,1,0.8,12,14.6,0.7,0.6,1.3,0.076,-1.7,-0.9,-2.6,-0.1,12
"87",87,"Patrick Baldwin Jr.","SF",20,"GSW",31,0,7.3,1.4,3.5,0.394,1,2.7,0.381,0.4,0.8,0.44,0.541,0.1,0.2,0.667,0,1.3,1.3,0.4,0.2,0.1,0.4,0.5,3.9,226,11.3,0.546,0.771,0.055,0.5,18.6,9.7,6.9,1.3,1.6,9,22.8,-0.1,0.3,0.1,0.029,-0.7,-1.4,-2.1,0,13
"88",264,"Andre Iguodala","PF",39,"GSW",8,0,14.1,0.9,1.9,0.467,0.1,1.1,0.111,0.8,0.8,1,0.5,0.3,0.4,0.667,0.4,1.8,2.1,2.4,0.5,0.4,1.1,1.4,2.1,113,7.3,0.521,0.6,0.2,3,13.4,8.3,20.3,1.7,2.3,35.5,9.4,0,0.1,0.1,0.044,-4.3,1.7,-2.5,0,14
"89",418,"Lester Quinones","SG",22,"GSW",4,0,4.5,0.5,1.3,0.4,0.5,1,0.5,0,0.3,0,0.6,1,1.5,0.667,0.3,0.5,0.8,0.5,0.3,0,1.3,0,2.5,18,8.6,0.654,0.8,1.2,6.2,12,9.2,14.2,2.6,0,39.6,29.4,-0.1,0,0,-0.103,-6.4,-3.7,-10.2,0,15
"90",432,"Ryan Rollins","PG",20,"GSW",12,0,5.2,0.6,1.7,0.35,0.3,0.8,0.333,0.3,0.9,0.364,0.425,0.5,0.5,1,0.3,0.8,1,0.5,0.1,0.1,1.3,0.8,1.9,62,-1.4,0.508,0.45,0.3,5.4,15.7,10.6,12.4,0.8,1.4,41.4,26.1,-0.3,0.1,-0.3,-0.218,-11.3,-3.7,-15,-0.2,16
"91",332,"Boban Marjanović","C",34,"HOU",31,0,5.5,1.3,1.9,0.683,0,0,0,1.3,1.9,0.695,0.683,0.6,0.9,0.741,0.6,1.3,1.9,0.3,0.2,0.1,0.5,0.3,3.3,171,23.4,0.71,0.017,0.45,12.7,26,19.3,8.7,1.4,1.1,16.3,20.8,0.4,0.1,0.6,0.158,3,-1.5,1.6,0.2,9
"92",167,"Darius Days","SF",23,"HOU",4,0,6.3,1.3,3,0.417,0.8,2.5,0.3,0.5,0.5,1,0.542,0.5,0.5,1,0.3,1.3,1.5,0.3,0,0.3,0,0.5,3.8,25,18.3,0.582,0.833,0.167,4.3,22.2,13.2,6.2,0,3.9,0,21.4,0.1,0,0.1,0.156,4.7,-1.2,3.5,0,10
"93",145,"Josh Christopher","SG",21,"HOU",64,2,12.3,2.4,5.1,0.465,0.3,1.4,0.236,2.1,3.8,0.55,0.497,0.7,0.9,0.75,0.3,0.8,1.1,1.1,0.5,0.2,0.9,0.9,5.8,786,11.5,0.523,0.271,0.182,2.8,7.2,5,14.3,2,1.9,14.4,21.9,-0.3,0.3,0,-0.001,-3,-1.4,-4.3,-0.5,11
"94",259,"Trevor Hudgins","PG",23,"HOU",5,0,5.6,0.4,1.8,0.222,0.4,1.6,0.25,0,0.2,0,0.333,0.6,0.6,1,0,0,0,0.6,0,0,0.2,0.2,1.8,28,4.2,0.436,0.889,0.333,0,0,0,13.9,0,0,8.8,16.8,0,0,0,-0.035,-3.8,-4.7,-8.4,0,12
"95",502,"TyTy Washington Jr.","PG",21,"HOU",31,2,14,1.9,5.2,0.363,0.6,2.6,0.238,1.3,2.6,0.488,0.422,0.3,0.6,0.556,0.1,1.4,1.5,1.5,0.5,0.1,0.5,0.9,4.7,433,7.5,0.432,0.5,0.113,0.5,11,5.7,15.3,1.7,0.5,7.7,17.4,-0.3,0.1,-0.1,-0.016,-5,-1.3,-6.3,-0.5,13
"96",382,"Daishen Nix","PG",20,"HOU",57,7,16,1.4,4.2,0.342,0.7,2.5,0.286,0.7,1.7,0.423,0.426,0.4,0.6,0.667,0.3,1.4,1.7,2.3,0.5,0.1,1.5,1,4,914,5.3,0.447,0.591,0.152,2.1,9.7,5.9,19.2,1.6,0.7,25.4,15.4,-1.5,0.3,-1.2,-0.062,-5,-1.5,-6.5,-1,14
"97",339,"Bennedict Mathurin","SG",20,"IND",78,17,28.5,5.3,12.2,0.434,1.3,4,0.323,4,8.2,0.488,0.487,4.8,5.8,0.828,1.1,3,4.1,1.5,0.6,0.2,1.9,2.1,16.7,2222,13.1,0.566,0.326,0.477,4.4,11.5,7.9,7.6,1,0.5,11.7,24.6,1,0.8,1.8,0.038,-1.2,-2.5,-3.7,-1,9
"98",50,"Jordan Nwora","SF",24,"IND",62,14,19.2,3.1,7.2,0.436,1.4,3.4,0.408,1.7,3.8,0.462,0.533,1.1,1.4,0.791,0.8,2.9,3.7,1.4,0.4,0.2,1.1,1.2,8.7,1188,12.2,0.561,0.474,0.193,4.7,15.8,10.4,10.5,1,1,12,19.4,0.5,1,1.5,0.06,-0.8,-1.3,-2.1,0,10
"99",8,"Goga Bitadze","C",23,"IND",38,1,12,1.8,3.3,0.552,0.2,0.7,0.231,1.7,2.6,0.636,0.576,0.6,1.1,0.548,1.6,2,3.6,1,0.4,0.7,0.6,1.7,4.4,457,17.1,0.582,0.208,0.336,15,18.7,16.8,12.1,1.7,5.3,13.3,15.4,0.8,0.6,1.3,0.141,-0.8,1.1,0.3,0.3,11
"100",378,"Andrew Nembhard","SG",23,"IND",75,63,27.6,3.8,8.6,0.441,1.2,3.5,0.35,2.6,5.1,0.504,0.512,0.7,0.8,0.79,0.5,2.2,2.7,4.5,0.9,0.2,1.7,2.4,9.5,2073,10,0.528,0.408,0.096,1.9,8.8,5.3,22.4,1.6,0.5,15.8,16.1,0.4,0.8,1.2,0.029,-2.4,-0.8,-3.2,-0.6,12
"101",117,"Oshae Brissett","PF",24,"IND",65,2,16.7,1.9,4.9,0.386,0.7,2.4,0.31,1.2,2.5,0.457,0.461,1.6,2.2,0.717,1,2.4,3.4,0.7,0.5,0.2,0.5,1.2,6.1,1083,10.6,0.52,0.486,0.455,6.4,16,11.2,5.4,1.4,1,8.2,16.1,0.4,0.7,1.1,0.05,-2,-1.2,-3.2,-0.3,13
"102",63,"Terry Taylor","PF",23,"IND",31,2,8.5,1.3,2.4,0.52,0.2,0.6,0.263,1.1,1.8,0.607,0.553,0.2,0.4,0.545,0.9,0.6,1.5,0.3,0.1,0.2,0.3,0.8,2.9,264,11,0.557,0.253,0.147,11.4,8.4,9.9,5.1,0.5,2,10.1,14.2,0.2,0.1,0.3,0.054,-2.3,-1.8,-4.1,-0.1,14
"103",123,"Kendall Brown","SG",19,"IND",6,0,6.7,0.7,1.2,0.571,0,0.2,0,0.7,1,0.667,0.571,0.2,0.3,0.5,0.3,0.7,1,0.5,0.7,0,0.3,1.5,1.5,40,9.1,0.571,0.143,0.286,5.6,11.1,8.3,9.7,4.7,0,20.2,10.4,0,0.1,0.1,0.071,-7,4,-2.9,0,15
"104",279,"James Johnson","PF",35,"IND",18,1,9,1.2,2.7,0.449,0.2,0.8,0.2,1.1,1.9,0.559,0.48,0.2,0.4,0.5,0.2,1.4,1.7,0.8,0.4,0.3,0.4,1.8,2.8,162,8.4,0.486,0.306,0.163,2.7,17.8,10.3,12.6,2.1,3.2,13.2,15.7,-0.1,0.2,0.1,0.017,-5.7,1.2,-4.4,-0.1,16
"105",474,"Daniel Theis","C",30,"IND",7,1,15.6,3,6.3,0.477,0.3,1.6,0.182,2.7,4.7,0.576,0.5,0.7,1.7,0.417,1,2.1,3.1,1.3,0.3,0.9,0.4,1,7,109,14.2,0.497,0.25,0.273,7.1,15.2,11.2,12.2,0.9,4.7,5.7,20.1,0,0.1,0.1,0.046,-0.9,-0.5,-1.4,0,17
"106",533,"Gabe York","SG",29,"IND",3,0,18.7,2.7,7,0.381,2,6,0.333,0.7,1,0.667,0.524,0.7,0.7,1,0,2,2,1.7,0.7,0,0,1.7,8,56,11.8,0.548,0.857,0.095,0,11.9,5.9,12.3,1.7,0,0,16.4,0.1,0,0.1,0.091,-1.7,-1.8,-3.5,0,18
"107",184,"Chris Duarte","SF",25,"IND",46,12,19.5,2.7,7.2,0.369,1.2,3.8,0.316,1.5,3.5,0.428,0.452,1.3,1.6,0.847,0.4,2.1,2.5,1.4,0.5,0.2,0.9,1.4,7.9,897,8.6,0.496,0.523,0.216,2.4,11.9,7.1,9.7,1.3,0.9,10.1,19,-0.5,0.4,0,-0.003,-2.9,-1.6,-4.5,-0.6,19
"108",415,"Trevelin Queen","SG",25,"IND",7,0,10,1,4.1,0.241,0.3,2.1,0.133,0.7,2,0.357,0.276,0.7,0.7,1,1.1,1.3,2.4,0.9,0.3,0.7,1,0.6,3,70,6,0.337,0.517,0.172,12.7,14.2,13.5,11.1,1.4,6.1,18.3,22.9,-0.3,0.1,-0.2,-0.133,-5.6,-1.5,-7.2,-0.1,20
"109",68,"Russell Westbrook","PG",34,"LAC",73,24,29.1,5.9,13.6,0.436,1.2,3.9,0.311,4.7,9.7,0.487,0.481,2.8,4.3,0.656,1.2,4.6,5.8,7.5,1,0.5,3.5,2.2,15.9,2126,16.1,0.513,0.289,0.317,4.7,16.5,10.8,38.6,1.7,1.3,18.4,27.7,-0.6,2.6,1.9,0.044,0.3,-0.1,0.2,1.2,9
"110",155,"Robert Covington","PF",32,"LAC",48,0,16.2,2.1,4.8,0.445,1.1,2.8,0.397,1,1.9,0.516,0.563,0.6,0.8,0.75,0.6,2.8,3.5,1.2,0.8,0.7,0.7,1.8,6,779,14.2,0.584,0.594,0.175,4.5,19.2,11.9,10.2,2.4,3.7,11.5,15.6,0.7,1.2,1.9,0.117,-0.5,2.1,1.7,0.7,10
"111",31,"Bones Hyland","PG",22,"LAC",56,1,19.4,4.1,10.2,0.399,2.1,5.6,0.371,2,4.6,0.434,0.502,1.5,1.8,0.843,0.4,2.1,2.4,3.1,0.7,0.3,1.5,1.7,11.8,1085,14.9,0.535,0.552,0.179,2.1,11.8,7.1,23.4,1.8,1.2,11.7,28,0.3,1.1,1.4,0.062,0.4,-1.2,-0.8,0.3,11
"112",11,"Moses Brown","C",23,"LAC",36,1,8.2,1.7,2.7,0.635,0,0,NA,1.7,2.7,0.635,0.635,0.9,2,0.458,1.6,2.3,3.9,0.1,0.1,0.4,0.4,1.1,4.3,294,22.2,0.607,0,0.75,22,30.9,26.5,2.1,0.7,4.2,10.5,21.2,0.7,0.4,1.1,0.179,0.6,-1.2,-0.6,0.1,12
"113",33,"Reggie Jackson","PG",32,"LAC",68,40,24.4,3.9,9.4,0.411,1.4,4.2,0.333,2.5,5.2,0.474,0.486,1,1.1,0.91,0.4,1.8,2.1,3.4,0.7,0.1,1.7,1.7,10.2,1657,10,0.514,0.45,0.122,1.7,8,4.9,20,1.4,0.3,14.6,20.8,-0.6,1.2,0.6,0.018,-2.9,-1.1,-3.9,-0.8,13
"114",149,"Amir Coffey","SF",25,"LAC",50,9,12.5,1.1,2.9,0.386,0.2,0.8,0.275,0.9,2.1,0.429,0.424,1,1.3,0.778,0.3,0.7,1.1,1.1,0.1,0.1,0.4,1,3.4,625,7,0.498,0.276,0.434,3.1,6.4,4.7,11.2,0.5,0.7,10.8,13.5,0.1,0.3,0.4,0.033,-4.3,-0.7,-5,-0.5,14
"115",170,"Moussa Diabaté","C",21,"LAC",22,1,8.9,1.1,2.1,0.511,0,0.1,0.5,1,2,0.511,0.521,0.5,0.7,0.625,1.4,0.9,2.3,0.2,0.3,0.4,0.4,0.7,2.7,195,14.2,0.546,0.043,0.34,18,10.8,14.4,2.8,1.8,3.6,14.3,14.1,0.2,0.2,0.4,0.105,-1.9,-0.8,-2.8,0,15
"116",499,"John Wall","PG",32,"LAC",34,3,22.2,4.1,9.9,0.408,1,3.2,0.303,3.1,6.7,0.459,0.457,2.3,3.3,0.681,0.4,2.3,2.7,5.2,0.8,0.4,2.4,1.7,11.4,755,13.6,0.498,0.322,0.334,2.1,11.4,6.8,35.3,1.8,1.4,17.1,27,-0.4,0.7,0.3,0.02,-0.8,-0.4,-1.2,0.1,16
"117",110,"Brandon Boston Jr.","SF",21,"LAC",22,1,11.3,2.3,5.5,0.418,0.5,1.3,0.414,1.8,4.2,0.419,0.467,1.3,1.7,0.763,0.3,1,1.4,0.9,0.4,0,0.5,1,6.5,248,13.4,0.515,0.238,0.311,3.2,10.3,6.8,12.5,1.8,0,8,26.5,0,0.2,0.2,0.04,-1.5,-0.7,-2.2,0,17
"118",411,"Jason Preston","PG",23,"LAC",14,0,8.9,1.3,2.9,0.439,0.4,1.3,0.278,0.9,1.6,0.565,0.5,0,0.1,0,0.1,1.4,1.6,1.9,0.1,0,0.7,0.5,2.9,124,10.3,0.489,0.439,0.049,1.8,17.9,9.9,30.9,0.8,0,19.3,18.3,0,0.1,0.1,0.021,-2.1,-0.5,-2.6,0,18
"119",368,"Xavier Moon","SG",28,"LAC",4,0,5,0.8,2.3,0.333,0.3,0.8,0.333,0.5,1.5,0.333,0.389,0,0,NA,0,0.8,0.8,1.3,0,0,0.3,0.5,1.8,20,7.2,0.389,0.333,0,0,16.6,8.4,35.7,0,0,10,21.8,0,0,0,-0.03,-4.1,-1,-5.1,0,19
"120",144,"Max Christie","SG",19,"LAL",41,3,12.5,1.1,2.6,0.415,0.6,1.5,0.419,0.4,1.1,0.409,0.538,0.3,0.4,0.875,0.2,1.7,1.8,0.5,0.2,0.2,0.3,0.8,3.1,512,7.4,0.566,0.585,0.151,1.5,13.8,7.8,5.1,0.8,1.2,10.3,10.4,0.1,0.5,0.6,0.058,-3.2,0,-3.1,-0.1,9
"121",56,"Davon Reed","SG",27,"LAL",43,1,8,0.7,2,0.333,0.4,1.1,0.37,0.3,0.9,0.289,0.435,0.4,0.6,0.667,0.2,1.1,1.4,0.5,0.3,0.1,0.5,0.9,2.1,342,6.2,0.471,0.548,0.286,3.4,16,9.9,8.2,2.1,1,17.5,14.5,-0.4,0.4,0.1,0.008,-5.4,0,-5.3,-0.3,10
"122",469,"Cole Swider","SF",23,"LAL",7,0,5.9,0.4,1.3,0.333,0.4,1.1,0.375,0,0.1,0,0.5,0,0,NA,0.1,0.9,1,0.6,0,0,0,0.4,1.3,41,7.4,0.5,0.889,0,2.7,15.2,9.1,12,0,0,0,9.3,0,0,0.1,0.08,-2.9,-0.5,-3.4,0,11
"123",124,"Sterling Brown","SF",27,"LAL",4,0,6,0,1,0,0,0.5,0,0,0.5,0,0,0,0,NA,0.8,1.3,2,0.5,0.8,0,0,1,0,24,7,0,0.5,0,13.9,21.6,17.8,9.4,5.9,0,0,7,0,0.1,0,0.04,-7.7,4.3,-3.3,0,12
"124",400,"Scotty Pippen Jr.","PG",22,"LAL",6,0,5.3,0.7,2,0.333,0.2,0.5,0.333,0.5,1.5,0.333,0.375,0.8,1.5,0.556,0.3,0.3,0.7,0.3,0.3,0.2,0.3,0.5,2.3,32,9.6,0.439,0.25,0.75,6.9,6.5,6.7,8.2,3,2.6,11.1,23.7,-0.1,0,0,-0.017,-5.1,-0.8,-5.9,0,13
"125",37,"Luke Kennard","SG",26,"MEM",59,14,22.3,3.2,6.5,0.492,2.3,4.6,0.494,0.9,1.9,0.487,0.666,0.6,0.7,0.949,0.3,2.4,2.7,1.5,0.5,0.1,0.8,1.4,9.3,1315,13,0.684,0.704,0.102,1.2,11.8,6.6,9.4,1.2,0.3,10.3,14.5,2.2,1.2,3.4,0.124,0.6,-0.1,0.5,0.8,9
"126",71,"Steven Adams","C",29,"MEM",42,42,27,3.7,6.3,0.597,0,0,0,3.7,6.2,0.599,0.597,1.1,3.1,0.364,5.1,6.5,11.5,2.3,0.9,1.1,1.9,2.3,8.6,1133,17.5,0.564,0.004,0.49,20.1,25.3,22.7,11.2,1.5,3.7,19.8,14.6,1.3,2.1,3.4,0.144,-0.3,0.9,0.6,0.7,10
"127",119,"Dillon Brooks","SF",27,"MEM",73,73,30.3,5.4,13.6,0.396,2,6,0.326,3.4,7.6,0.451,0.468,1.6,2.1,0.779,0.6,2.7,3.3,2.6,0.9,0.2,1.4,3.3,14.3,2214,9.4,0.494,0.443,0.155,2.2,9.5,5.8,11.7,1.4,0.7,8.9,21.8,-0.8,2.4,1.6,0.034,-3.4,-0.5,-3.9,-1.1,11
"128",431,"David Roddy","PF",21,"MEM",70,4,18,2.6,6,0.429,0.9,3,0.307,1.6,3,0.553,0.506,0.6,0.9,0.631,0.7,2,2.8,0.8,0.4,0.3,0.8,1.5,6.7,1258,8.8,0.519,0.505,0.155,4.2,12,8.1,6.1,1.1,1.4,11.3,16.7,-0.3,1.4,1.1,0.043,-3.2,-0.7,-3.9,-0.6,12
"129",312,"Jake LaRavia","PF",21,"MEM",35,0,11.8,1.1,2.7,0.389,0.7,2,0.338,0.4,0.7,0.542,0.516,0.2,0.3,0.778,0.5,1.3,1.8,0.6,0.3,0.1,0.5,1.4,3,414,6.7,0.531,0.747,0.095,4.9,11.3,8.1,6.2,1.4,0.9,15.4,11.7,0,0.5,0.5,0.054,-3.9,0.4,-3.5,-0.2,13
"130",323,"Kenneth Lofton Jr.","PF",20,"MEM",24,1,7.3,2,3.9,0.527,0.3,0.7,0.353,1.8,3.2,0.566,0.559,0.7,1.1,0.593,0.8,1.3,2.1,0.8,0.2,0.1,0.5,1.2,5,176,20.2,0.572,0.183,0.29,11.5,19.2,15.4,18.1,1.3,1,10.3,27.6,0.3,0.2,0.5,0.145,0.7,-1.1,-0.4,0.1,14
"131",143,"Kennedy Chandler","PG",20,"MEM",36,0,7.8,1,2.3,0.422,0.1,0.4,0.133,0.9,1.9,0.485,0.434,0.2,0.4,0.462,0.3,0.8,1.1,1.6,0.3,0.1,0.5,0.4,2.2,281,10.6,0.44,0.181,0.157,3.4,10.9,7.2,26.4,2,1.6,16.9,15.8,-0.1,0.4,0.3,0.044,-3.3,0.6,-2.7,0,15
"132",25,"Danny Green","SG",35,"MEM",11,0,12.5,2,4.5,0.449,1.5,3.4,0.432,0.5,1.1,0.5,0.612,0.1,0.1,1,0.3,1,1.3,0.5,0.5,0.3,0.9,1.5,5.5,138,10.8,0.617,0.755,0.02,2.5,9.1,5.8,6.1,2.2,2,16.8,18.9,0,0.2,0.2,0.059,-2.1,0.2,-1.9,0,16
"133",212,"Jacob Gilyard","PG",24,"MEM",1,0,41,1,3,0.333,1,3,0.333,0,0,NA,0.5,0,0,NA,0,4,4,7,3,0,2,3,3,41,7.3,0.5,1,0,0,10.3,5.2,19.4,3.5,0,40,5.1,0,0.1,0.1,0.079,-7.8,1.7,-6.1,0,17
"134",526,"Ziaire Williams","SF",21,"MEM",37,4,15.2,2.3,5.3,0.429,0.7,2.6,0.258,1.6,2.7,0.596,0.492,0.5,0.6,0.773,0.4,1.7,2.1,0.9,0.4,0.2,1,1.6,5.7,561,7.4,0.511,0.495,0.112,3,11.9,7.5,8.2,1.2,1,15.2,18,-0.5,0.6,0.1,0.011,-4.7,-0.8,-5.6,-0.5,18
"135",525,"Vince Williams Jr.","SG",22,"MEM",15,1,7,0.8,2.7,0.3,0.3,1.9,0.143,0.5,0.8,0.667,0.35,0.1,0.1,1,0.3,0.7,1,0.3,0.4,0.1,0.3,0.8,2,105,3.9,0.367,0.7,0.05,4,11.1,7.6,4.8,2.7,1.7,10.9,18.1,-0.3,0.2,-0.1,-0.049,-8.3,-0.2,-8.5,-0.2,19
"136",428,"Orlando Robinson","C",22,"MIA",31,1,13.7,1.5,2.9,0.528,0,0.2,0,1.5,2.7,0.566,0.528,0.7,1,0.71,1.5,2.5,4.1,0.8,0.4,0.4,0.5,1.7,3.7,425,13.4,0.565,0.067,0.348,12.8,22.3,17.4,8.4,1.4,2.9,13.5,12.4,0.5,0.6,1.1,0.129,-2.7,0.7,-2.1,0,9
"137",16,"Dewayne Dedmon","C",33,"MIA",38,1,11.2,2,4,0.51,0.3,1,0.308,1.7,2.9,0.58,0.55,0.9,1.3,0.673,0.9,2.6,3.5,0.7,0.2,0.5,0.7,2,5.2,426,15.5,0.577,0.258,0.325,9.1,28.3,18.5,9.5,1.1,4.4,12.7,20.6,0.3,0.7,1,0.115,-2.6,1,-1.6,0,10
"138",250,"Haywood Highsmith","PF",26,"MIA",54,11,17.9,1.7,4,0.431,0.7,2,0.339,1,2,0.523,0.516,0.2,0.5,0.464,1.1,2.4,3.5,0.8,0.7,0.3,0.8,1.5,4.4,969,8.5,0.517,0.505,0.13,6.7,16.4,11.4,6.2,1.9,1.8,16.5,12.5,-0.3,1.3,0.9,0.046,-3.7,0.7,-3.1,-0.3,11
"139",133,"Jamal Cain","PF",23,"MIA",18,0,13.3,2.1,3.7,0.561,0.4,1.1,0.35,1.7,2.6,0.652,0.614,0.9,1.2,0.773,0.8,2.1,2.9,0.7,0.6,0.1,0.3,1.2,5.4,240,16.5,0.647,0.303,0.333,7.1,18.7,12.7,7.6,2.3,0.4,7.3,15.1,0.5,0.3,0.8,0.169,-0.5,1.3,0.8,0.2,12
"140",537,"Cody Zeller","C",30,"MIA",15,2,14.5,2.5,3.9,0.627,0,0.1,0,2.5,3.8,0.649,0.627,1.6,2.3,0.686,1.7,2.6,4.3,0.7,0.2,0.3,0.9,2.2,6.5,217,16.4,0.659,0.034,0.593,13,21.8,17.3,7.2,0.7,1.9,15.8,18.1,0.4,0.3,0.7,0.147,-2,-0.7,-2.8,0,13
"141",393,"Victor Oladipo","SG",30,"MIA",42,2,26.3,3.8,9.6,0.397,1.7,5,0.33,2.1,4.5,0.471,0.484,1.4,1.9,0.747,0.4,2.7,3,3.5,1.4,0.3,2.1,2.4,10.7,1106,10.6,0.513,0.526,0.196,1.6,12.3,6.8,19.8,2.6,1.1,16.6,21.1,-0.9,1.5,0.6,0.024,-2.9,0.8,-2.1,0,14
"142",426,"Duncan Robinson","SF",28,"MIA",42,1,16.5,2.1,5.6,0.371,1.5,4.6,0.328,0.6,1.1,0.556,0.504,0.7,0.8,0.906,0.2,1.5,1.6,1.1,0.3,0,0.7,1.8,6.4,691,7.8,0.534,0.81,0.135,1.3,10.7,5.9,9.7,1,0,10,17.9,-0.1,0.6,0.5,0.035,-3.5,-1.5,-5,-0.5,15
"143",62,"Dru Smith","SG",25,"MIA",15,1,10.5,1.2,3,0.4,0.3,1.3,0.263,0.9,1.7,0.5,0.456,0.2,0.2,1,0.1,1.5,1.6,1.5,0.7,0.3,0.2,1.5,2.9,158,11.4,0.475,0.422,0.067,1.4,15.9,8.7,19.3,3.1,2.5,6.1,13.8,0.1,0.3,0.3,0.099,-3.8,2.9,-0.9,0,16
"144",536,"Omer Yurtseven","C",24,"MIA",9,0,9.2,1.8,3,0.593,0.3,0.8,0.429,1.4,2.2,0.65,0.648,0.6,0.7,0.833,0.9,1.7,2.6,0.2,0.2,0.2,0.4,1.8,4.4,83,16.7,0.675,0.259,0.222,10.9,21.9,16.2,3.9,1.2,2.5,11.9,18,0.2,0.1,0.3,0.159,-2.5,-1.5,-3.9,0,17
"145",292,"Nikola Jović","PF",19,"MIA",15,8,13.6,1.9,4.6,0.406,0.5,2.3,0.229,1.3,2.3,0.588,0.464,1.2,1.3,0.947,0.6,1.5,2.1,0.7,0.5,0.1,0.7,1.3,5.5,204,10.6,0.53,0.507,0.275,5,13.1,8.9,7.3,1.7,1,11.4,19,0,0.2,0.2,0.053,-3.4,0,-3.4,-0.1,18
"146",241,"Udonis Haslem","C",42,"MIA",7,1,10.1,1.4,4.1,0.345,0.4,1.3,0.333,1,2.9,0.35,0.397,0.6,0.7,0.8,0.6,1,1.6,0,0.1,0.3,0.1,1.6,3.9,71,6.2,0.433,0.31,0.172,6.4,12,9.1,0,0.7,2.9,3.1,20.1,-0.1,0.1,0,-0.009,-8.2,-3.9,-12.1,-0.2,19
"147",356,"Khris Middleton","SF",31,"MIL",33,19,24.3,5.4,12.3,0.436,1.5,4.9,0.315,3.8,7.4,0.516,0.499,2.8,3.1,0.902,0.8,3.4,4.2,4.9,0.7,0.2,2.2,2.1,15.1,801,17.4,0.551,0.399,0.251,3.8,14,9.1,30.7,1.4,0.5,13.6,27.4,1,1,1.9,0.117,1,-0.3,0.8,0.6,9
"148",157,"Jae Crowder","PF",32,"MIL",18,3,18.9,2.5,5.2,0.479,1.3,3.1,0.436,1.2,2.2,0.538,0.606,0.6,0.7,0.833,0.9,2.9,3.8,1.5,0.7,0.3,0.4,1.5,6.9,340,14.6,0.624,0.585,0.128,5.4,15.3,10.6,10.6,1.7,1.4,6.6,13.2,0.7,0.5,1.2,0.165,0.1,1.1,1.2,0.3,10
"149",340,"Wesley Matthews","SF",36,"MIL",52,0,15.8,1.1,3.1,0.363,0.8,2.4,0.315,0.4,0.7,0.528,0.484,0.5,0.5,0.857,0.7,1.5,2.2,0.7,0.4,0.3,0.3,1.4,3.4,820,7,0.519,0.775,0.175,4.5,9.7,7.2,5.1,1.2,1.3,9.5,9.8,0.3,0.9,1.2,0.073,-3.4,0.8,-2.7,-0.1,11
"150",42,"Sandro Mamukelashvili","C",23,"MIL",43,7,15.3,2.3,5.3,0.422,0.7,2.3,0.303,1.6,3,0.511,0.487,0.9,1.3,0.684,1.6,2.7,4.3,1.4,0.3,0.3,0.8,1.2,6.1,660,13.4,0.516,0.43,0.248,11.2,19,15.1,12.8,1,1.5,12.1,18.2,0.4,0.5,0.9,0.063,-1.1,-1.3,-2.4,-0.1,12
"151",218,"A.J. Green","SG",23,"MIL",35,1,9.9,1.5,3.6,0.424,1.3,3,0.419,0.3,0.6,0.45,0.6,0.1,0.1,1,0.2,1.1,1.3,0.6,0.2,0,0.3,0.9,4.4,345,11.5,0.607,0.84,0.032,1.9,11.3,6.8,8.7,0.8,0,6.6,16.6,0.5,0.3,0.8,0.111,-0.3,-0.6,-0.9,0.1,13
"152",100,"MarJon Beauchamp","SF",22,"MIL",52,11,13.5,1.8,4.7,0.395,0.9,2.7,0.331,0.9,1.9,0.485,0.492,0.5,0.7,0.73,0.7,1.5,2.2,0.7,0.4,0.1,0.9,1.4,5.1,701,8.2,0.513,0.584,0.152,5.9,11,8.5,6.7,1.4,0.8,14.8,18.3,-0.4,0.8,0.4,0.027,-4.1,-0.6,-4.8,-0.5,14
"153",317,"Meyers Leonard","C",30,"MIL",9,2,12.7,1.6,3.2,0.483,0.8,2,0.389,0.8,1.2,0.636,0.603,0.9,1,0.889,1.3,2.4,3.8,0.1,0.2,0,0.7,1.8,4.8,114,12,0.652,0.621,0.31,11.4,19.4,15.5,1.2,0.8,0,15.4,14.4,0.2,0.1,0.3,0.126,-2.8,-2.2,-5,-0.1,15
"154",263,"Serge Ibaka","C",33,"MIL",16,0,11.6,1.6,3.4,0.481,0.4,1.1,0.333,1.3,2.3,0.556,0.537,0.5,0.8,0.615,0.9,1.8,2.8,0.3,0.1,0.4,0.7,1.4,4.1,185,9.8,0.553,0.333,0.241,8.8,15.7,12.4,2.9,0.5,3.1,15.6,16.1,0,0.2,0.2,0.058,-4.6,0,-4.5,-0.1,16
"155",80,"Thanasis Antetokounmpo","PF",30,"MIL",37,0,5.6,0.5,1.2,0.435,0,0.2,0,0.5,1,0.526,0.435,0.3,0.6,0.5,0.4,0.8,1.2,0.4,0.1,0.1,0.3,0.6,1.4,206,6.7,0.458,0.174,0.478,7.9,14.1,11.1,9.3,0.7,1.2,17.7,13.8,-0.1,0.2,0.1,0.022,-6.5,-1.1,-7.6,-0.3,17
"156",514,"Lindell Wigginton","PG",24,"MIL",7,1,12.4,2.6,5.3,0.486,0.9,2.6,0.333,1.7,2.7,0.632,0.568,1.1,1.3,0.889,0,1,1,2,0,0.3,1.7,1,7.1,87,11.8,0.61,0.486,0.243,0,8.1,4.2,23.8,0,1.9,22.7,25.6,0,0.1,0.1,0.028,-3.1,-3.6,-6.7,-0.1,18
"157",413,"Taurean Prince","PF",28,"MIN",54,4,22.1,3.3,7,0.467,1.4,3.6,0.381,1.9,3.4,0.557,0.565,1.2,1.4,0.844,0.3,2.2,2.4,1.6,0.5,0.3,1.3,2.3,9.1,1192,10,0.597,0.512,0.203,1.4,10.8,6.2,9.6,1.1,1.1,14.3,17.3,0.3,1,1.3,0.052,-2.6,-0.6,-3.3,-0.4,9
"158",425,"Austin Rivers","SG",30,"MIN",52,10,19.5,1.8,4,0.435,0.8,2.4,0.35,0.9,1.7,0.558,0.538,0.6,0.8,0.769,0.1,1.5,1.6,1.4,0.5,0.1,0.4,1.5,4.9,1016,7.4,0.564,0.589,0.187,0.6,8.4,4.6,9.3,1.3,0.3,9.2,10.5,0.5,0.8,1.3,0.061,-3.3,0.5,-2.8,-0.2,10
"159",384,"Jaylen Nowell","SG",23,"MIN",65,2,19.3,4.3,9.6,0.448,1,3.6,0.289,3.3,6,0.542,0.502,1.2,1.5,0.778,0.6,2.1,2.6,2,0.6,0.1,1,1.6,10.8,1252,13.7,0.527,0.371,0.158,3.3,11.7,7.6,15.9,1.6,0.3,8.9,25,0,1.2,1.2,0.046,-1.5,-1,-2.5,-0.2,11
"160",205,"Luka Garza","C",24,"MIN",28,0,8.7,2.3,4.1,0.543,0.5,1.4,0.359,1.8,2.8,0.636,0.603,1.5,1.9,0.788,1.2,1.1,2.3,0.6,0.1,0.1,0.5,1.5,6.5,243,23,0.652,0.336,0.448,15.5,13.5,14.5,11.8,0.6,0.7,9.2,26.9,0.9,0.2,1.1,0.211,2.2,-2.6,-0.4,0.1,12
"161",301,"Nathan Knight","C",25,"MIN",38,0,7.7,1.2,2.1,0.568,0.2,0.6,0.364,1,1.6,0.644,0.617,1,1.5,0.684,0.6,0.9,1.5,0.3,0.3,0.2,0.6,1.1,3.7,291,14.5,0.655,0.272,0.704,8.6,12.8,10.8,6.1,1.6,1.8,16.5,18.7,0.4,0.3,0.7,0.116,-2.4,-0.8,-3.2,-0.1,13
"162",60,"Matt Ryan","SF",25,"MIN",34,0,9.1,1.2,3.2,0.37,0.9,2.5,0.381,0.2,0.7,0.333,0.519,0.3,0.4,0.833,0.1,0.6,0.8,0.5,0.1,0,0.2,0.8,3.6,310,8.1,0.538,0.778,0.111,1.4,7.6,4.6,6.9,0.8,0.3,5.8,16.5,0.1,0.2,0.3,0.044,-1.9,-1.5,-3.4,-0.1,14
"163",360,"Josh Minott","SF",20,"MIN",15,0,6.4,1.2,2.4,0.5,0.1,0.4,0.333,1.1,2,0.533,0.528,0.5,0.5,1,0.3,1.3,1.7,0.3,0.3,0.4,0.2,0.7,3.1,96,17.9,0.582,0.167,0.222,5.9,22.9,14.6,7.5,2,5.4,7.1,18.9,0.1,0.2,0.3,0.146,-1.9,0.4,-1.6,0,15
"164",39,"A.J. Lawson","SG",22,"MIN",15,0,7.2,1.5,2.9,0.5,0.7,1.7,0.4,0.8,1.3,0.632,0.614,0.1,0.5,0.25,0.4,1,1.4,0.1,0.1,0,0.2,0.7,3.7,108,13.9,0.589,0.568,0.182,6.4,16.3,11.3,3,0.9,0,5.9,21.1,0.1,0.1,0.1,0.063,-1.5,-2.9,-4.4,-0.1,16
"165",369,"Wendell Moore Jr.","SG",21,"MIN",29,2,5.3,0.6,1.5,0.419,0.1,0.6,0.118,0.6,0.9,0.615,0.442,0.1,0.2,0.8,0.1,0.5,0.6,0.6,0.3,0.2,0.3,0.4,1.4,153,9.3,0.465,0.395,0.116,3,10,6.6,15.3,2.5,2.8,15,14.9,-0.1,0.2,0.1,0.028,-3.8,1.3,-2.4,0,17
"166",195,"Bryn Forbes","SG",29,"MIN",25,0,10.7,1.2,3.3,0.361,0.6,1.8,0.304,0.6,1.5,0.432,0.446,0.6,0.6,1,0.2,0.4,0.6,0.7,0.3,0.1,0.5,0.9,3.6,268,6.2,0.497,0.554,0.181,1.7,4.5,3.1,8.2,1.2,0.7,11.8,16.2,-0.2,0.2,0,0,-4.8,-1.5,-6.3,-0.3,18
"167",77,"Jose Alvarado","PG",24,"NOP",61,10,21.5,3.3,8,0.411,1.4,4,0.336,1.9,4,0.488,0.496,1.1,1.3,0.813,0.5,1.9,2.3,3,1.1,0.2,1.3,2,9,1310,11.8,0.525,0.505,0.164,2.4,9.8,6.1,19.9,2.5,0.7,13.4,19.8,0.1,1.7,1.8,0.066,-2,0.7,-1.2,0.3,9
"168",247,"Willy Hernangómez","C",28,"NOP",38,2,12.1,2.3,4.4,0.527,0.1,0.3,0.273,2.3,4.2,0.544,0.536,2.1,2.7,0.779,1.5,3.2,4.7,0.9,0.4,0.3,1,1.7,6.9,458,20.7,0.61,0.065,0.615,14.4,30.1,22.3,10.7,1.8,2.7,15.4,23.8,0.8,0.8,1.6,0.171,-0.2,0.5,0.3,0.3,10
"169",243,"Jaxson Hayes","C",22,"NOP",47,2,13,1.8,3.3,0.551,0.1,0.6,0.103,1.8,2.7,0.654,0.561,1.2,1.8,0.699,0.8,2,2.8,0.7,0.4,0.4,0.7,1.4,5,610,13.7,0.605,0.186,0.532,7.3,17.3,12.3,7.7,1.6,3,13.9,15.7,0.6,0.9,1.5,0.118,-2.2,1,-1.2,0.1,11
"170",162,"Dyson Daniels","PG",19,"NOP",59,11,17.7,1.5,3.5,0.418,0.5,1.5,0.314,1,2.1,0.492,0.483,0.4,0.7,0.65,0.6,2.6,3.2,2.3,0.7,0.2,1,1.7,3.8,1042,8.8,0.503,0.413,0.192,3.9,16.5,10.2,16.4,2,1,20.2,11.6,-0.1,1.4,1.3,0.061,-3.4,1.6,-1.8,0,12
"171",319,"Kira Lewis Jr.","PG",21,"NOP",25,0,9.4,1.6,3.5,0.455,0.6,1.4,0.441,1,2.2,0.463,0.54,0.8,0.9,0.864,0.2,1.1,1.3,0.9,0.4,0.1,0.4,1,4.6,235,14.5,0.584,0.386,0.25,2.4,13.5,8,14,2.1,0.8,9.3,19.7,0.3,0.3,0.6,0.122,-0.8,0.5,-0.3,0.1,13
"172",472,"Garrett Temple","SG",36,"NOP",25,0,6.5,0.7,1.8,0.4,0.4,1,0.423,0.3,0.8,0.368,0.522,0.1,0.2,0.75,0.2,0.5,0.7,0.5,0.4,0.1,0.2,0.6,2,162,10.5,0.535,0.578,0.089,3.5,8.4,5.9,10.6,2.7,1.2,7.9,13.4,0.1,0.2,0.3,0.094,-2.5,1.6,-1,0,14
"173",443,"Dereon Seabron","SG",22,"NOP",5,0,2.4,0.4,1,0.4,0,0,NA,0.4,1,0.4,0.4,0,0,NA,0.2,0,0.2,0,0,0,0,0.2,0.8,12,4.6,0.4,0,0,9.5,0,4.7,0,0,0,0,17.9,0,0,0,-0.034,-6.6,-4.7,-11.3,0,15
"174",480,"Obi Toppin","PF",24,"NYK",67,5,15.7,2.8,6.3,0.446,1.3,3.7,0.344,1.5,2.6,0.593,0.548,0.6,0.7,0.809,0.4,2.4,2.8,1,0.3,0.2,0.6,1,7.4,1050,13.6,0.565,0.589,0.112,3,16.6,9.8,9.2,1.1,1.1,8,19.5,1.1,1,2.1,0.095,0.3,-0.8,-0.5,0.4,9
"175",343,"Miles McBride","PG",22,"NYK",64,2,11.9,1.2,3.4,0.358,0.6,2.1,0.299,0.6,1.3,0.457,0.451,0.4,0.7,0.667,0.2,0.6,0.8,1.1,0.6,0.1,0.4,0.9,3.5,760,8.4,0.475,0.623,0.195,1.9,5.4,3.6,12.4,2.4,1,9.7,14.6,0,0.7,0.7,0.047,-3.6,1.4,-2.3,-0.1,10
"176",198,"Evan Fournier","SG",30,"NYK",27,7,17,2.1,6.1,0.337,1.3,4.2,0.307,0.8,1.9,0.404,0.443,0.7,0.8,0.857,0.1,1.7,1.8,1.3,0.6,0.1,0.8,1.7,6.1,459,6.9,0.471,0.687,0.127,1,10.8,5.9,10.6,1.7,0.6,11.2,18.4,-0.3,0.4,0.1,0.01,-4,0,-4,-0.2,11
"177",295,"Trevor Keels","SG",19,"NYK",3,0,2.7,0.3,1.3,0.25,0.3,1.3,0.25,0,0,NA,0.375,0,0,NA,0,0.7,0.7,0,0,0,0,0,1,8,3.7,0.375,1,0,0,27.6,13.7,0,0,0,0,21.4,0,0,0,-0.062,-7.4,-5.6,-13,0,12
"178",433,"Derrick Rose","PG",34,"NYK",27,0,12.5,2.3,5.9,0.384,0.7,2.3,0.302,1.6,3.6,0.438,0.443,0.4,0.4,0.917,0.3,1.2,1.5,1.7,0.3,0.2,0.8,0.7,5.6,338,10.1,0.463,0.396,0.075,2.6,10.4,6.5,19.9,1,1.4,11.8,23.6,-0.3,0.3,0,-0.001,-2.2,-1.5,-3.7,-0.1,13
"179",429,"Jeremiah Robinson-Earl","PF",22,"OKC",43,20,18.9,2.6,5.8,0.444,0.9,2.6,0.333,1.7,3.2,0.533,0.518,0.8,1,0.833,1.7,2.5,4.2,1,0.6,0.3,0.4,1.7,6.8,814,13,0.548,0.448,0.169,9.2,14.7,11.9,7,1.4,1.2,6.7,14.6,1.1,0.8,1.9,0.111,-0.8,-0.7,-1.5,0.1,9
"180",519,"Jaylin Williams","C",20,"OKC",49,36,18.7,2.1,4.8,0.436,0.9,2.3,0.407,1.1,2.5,0.463,0.534,0.8,1.1,0.704,0.9,4,4.9,1.6,0.6,0.2,0.8,2.3,5.9,914,11.2,0.559,0.483,0.231,5.1,23.6,14.1,10.7,1.5,1.2,12.6,13.5,0.7,1.2,1.9,0.099,-2.3,0.6,-1.7,0.1,10
"181",61,"Dario Šarić","PF-C",28,"OKC",57,12,14.1,2.2,4.9,0.458,0.8,2,0.391,1.4,2.8,0.506,0.54,1.1,1.3,0.829,0.9,2.7,3.6,1.3,0.4,0.1,1,1.7,6.4,806,13.5,0.583,0.415,0.274,7.1,21.4,14.1,12.7,1.2,0.8,15.1,19.2,0.7,1,1.7,0.099,-1.5,0.1,-1.4,0.1,11
"182",504,"Lindy Waters III","SG",25,"OKC",41,0,13,1.7,4.3,0.393,1.4,4,0.358,0.3,0.4,0.75,0.556,0.4,0.5,0.8,0.4,1.4,1.8,0.7,0.3,0.3,0.2,1,5.2,531,11.8,0.573,0.91,0.112,3.2,12.2,7.6,7,1.3,1.9,5.1,15.5,0.6,0.5,1.1,0.101,0.5,-0.4,0.1,0.3,12
"183",401,"Aleksej Pokusevski","PF",21,"OKC",34,25,20.6,3.2,7.3,0.434,1.1,3.1,0.365,2.1,4.3,0.483,0.51,0.6,1,0.629,1.3,3.4,4.7,1.9,0.6,1.3,1.3,1.7,8.1,701,13.4,0.522,0.418,0.141,6.8,17.8,12.2,12.4,1.4,5.7,14,18.3,0,1,1,0.066,-1,1,0,0.3,13
"184",51,"Eugene Omoruyi","SF",25,"OKC",40,6,16.1,2.5,5.7,0.443,0.6,2.2,0.281,1.9,3.5,0.547,0.498,1.3,1.9,0.68,1.1,1.7,2.8,0.7,0.7,0.1,0.9,2.3,7,645,10.9,0.533,0.39,0.329,7.1,11.8,9.4,6.3,2.1,0.4,11.5,19.3,0.1,0.5,0.6,0.042,-3.5,-0.9,-4.4,-0.4,14
"185",331,"Tre Mann","PG",21,"OKC",67,5,17.7,2.9,7.5,0.393,1.2,3.8,0.315,1.7,3.6,0.475,0.474,0.6,0.8,0.764,0.4,1.9,2.3,1.8,0.6,0.2,0.9,1.5,7.7,1183,10,0.492,0.513,0.11,2.4,11.8,7,14,1.6,0.9,10.6,20.7,-0.6,1.1,0.5,0.021,-3,-1,-3.9,-0.6,15
"186",174,"Ousmane Dieng","PF",19,"OKC",39,1,14.6,1.9,4.6,0.42,0.7,2.5,0.265,1.3,2.1,0.602,0.492,0.4,0.6,0.652,0.5,2.2,2.7,1.2,0.4,0.2,0.7,1.1,4.9,569,9.3,0.505,0.541,0.127,3.5,16.5,9.9,10.7,1.2,1.1,12,15.9,-0.1,0.6,0.4,0.038,-3.1,-0.5,-3.6,-0.2,16
"187",438,"Olivier Sarr","C",23,"OKC",9,1,12.7,1.7,3.3,0.5,0.1,0.9,0.125,1.6,2.4,0.636,0.517,0.6,0.8,0.714,1.3,2.1,3.4,0.4,0.1,0.6,0.4,1.9,4,114,11.5,0.544,0.267,0.233,11.1,18.2,14.6,4.6,0.4,4.1,10.8,13.6,0.1,0.1,0.2,0.094,-4.2,-0.7,-4.9,-0.1,17
"188",130,"Jared Butler","PG",22,"OKC",6,1,12.8,2.5,5.3,0.469,1.2,2.3,0.5,1.3,3,0.444,0.578,0,0,NA,0.2,0.5,0.7,1.3,0.8,0,0.8,0.8,6.2,77,13,0.578,0.438,0,1.4,4.3,2.8,15,3.1,0,13.5,20.1,0,0.1,0.1,0.061,-2.2,-0.4,-2.6,0,18
"189",2,"Mo Bamba","C",24,"ORL",49,7,15.7,2.4,4.9,0.485,1,2.5,0.387,1.4,2.4,0.59,0.585,0.8,1.3,0.661,1.2,3.4,4.6,0.9,0.3,0.9,0.6,2.1,6.6,769,15.7,0.602,0.515,0.257,8.5,24.2,16.4,8.7,0.8,5.3,10.1,16.6,1.1,1.1,2.2,0.139,-0.2,0.7,0.5,0.5,9
"190",467,"Jalen Suggs","SG",21,"ORL",53,19,23.5,3.5,8.4,0.419,1.2,3.8,0.327,2.3,4.6,0.496,0.493,1.6,2.2,0.723,1,2,3,2.9,1.3,0.5,1.8,2.3,9.9,1246,12.5,0.528,0.455,0.268,5,9.6,7.3,18,2.6,2.1,15.9,20.3,-0.2,1.5,1.4,0.053,-1.8,0.8,-1,0.3,10
"191",440,"Admiral Schofield","PF",25,"ORL",37,0,12.2,1.5,3.3,0.451,0.6,2,0.324,0.8,1.3,0.646,0.549,0.6,0.6,0.913,0.6,1.1,1.7,0.8,0.2,0.1,0.4,1.6,4.2,451,10.1,0.587,0.607,0.189,5.8,9.8,7.8,9.6,0.9,1.1,10.8,14.1,0.5,0.3,0.8,0.089,-2.2,-0.7,-2.9,-0.1,11
"192",27,"R.J. Hampton","SG",21,"ORL",47,3,16,2.2,5,0.43,0.9,2.5,0.353,1.3,2.6,0.504,0.517,1.2,1.6,0.75,0.4,1.5,1.9,1.1,0.6,0.2,0.9,1.1,6.4,750,10.8,0.558,0.489,0.321,2.6,10.5,6.5,10.4,1.7,1.1,13.4,17.8,0.1,0.5,0.7,0.042,-2.3,-0.6,-2.9,-0.2,12
"193",258,"Caleb Houstan","SF",20,"ORL",51,4,15.9,1.3,3.6,0.363,0.9,2.7,0.338,0.4,0.9,0.435,0.489,0.3,0.4,0.833,0.7,1.3,1.9,0.6,0.2,0.1,0.4,1.2,3.8,812,6.2,0.508,0.747,0.099,4.7,9.1,6.9,4.9,0.7,0.8,8.7,11,0.1,0.5,0.7,0.039,-3.1,-0.9,-4,-0.4,13
"194",388,"Chuma Okeke","SF",24,"ORL",27,8,19.2,1.6,4.5,0.352,1,3.2,0.302,0.6,1.3,0.472,0.459,0.6,0.8,0.762,1,2.6,3.6,1.4,0.7,0.4,0.6,1.5,4.7,518,9.1,0.488,0.705,0.172,5.7,15.3,10.5,9.4,1.8,2.1,11.5,12.3,0,0.6,0.7,0.061,-2.4,0.8,-1.6,0.1,14
"195",237,"Kevon Harris","SG",25,"ORL",34,0,13.4,1.4,3.1,0.439,0.5,1.3,0.372,0.9,1.9,0.484,0.514,0.9,1.2,0.756,0.8,1.2,2.1,0.5,0.5,0.1,0.6,1.6,4.1,457,9.2,0.564,0.402,0.383,6.9,10.4,8.7,4.7,1.8,1.1,14.4,13.7,0.2,0.4,0.6,0.065,-3.5,-0.1,-3.6,-0.2,15
"196",267,"Jonathan Isaac","PF",25,"ORL",11,0,11.3,2,4.8,0.415,0.5,1.4,0.4,1.5,3.5,0.421,0.472,0.5,0.8,0.556,1.4,2.6,4,0.5,1.3,0.4,0.4,0.5,5,124,20.3,0.483,0.283,0.17,13.7,26.5,20.1,7.3,5.5,3.1,6.6,21.1,0,0.3,0.3,0.13,1,3,4,0.2,16
"197",442,"Jay Scrubb","SG",22,"ORL",2,0,15,2.5,3.5,0.714,1,1,1,1.5,2.5,0.6,0.857,0.5,1,0.5,0,3,3,0.5,1,0,1.5,1,6.5,30,14.2,0.825,0.286,0.286,0,22.7,11.3,5,3.2,0,27.6,15.6,0,0,0.1,0.083,-2.9,1,-1.9,0,17
"198",141,"Michael Carter-Williams","PG",31,"ORL",4,0,11,1.5,3.5,0.429,0.3,0.8,0.333,1.3,2.8,0.455,0.464,1,1.8,0.571,0.3,1,1.3,1.8,0.3,0.3,1,1.3,4.3,44,9,0.498,0.214,0.5,2.6,10.3,6.4,22.6,1.1,2.2,19,20.6,0,0,0,-0.003,-5.1,-1.2,-6.3,0,18
"199",483,"P.J. Tucker","PF",37,"PHI",75,75,25.6,1.3,3,0.427,0.7,1.9,0.393,0.5,1.1,0.482,0.549,0.3,0.3,0.826,1.3,2.7,3.9,0.8,0.5,0.2,0.6,2.4,3.5,1920,5.7,0.566,0.622,0.102,5.9,12.1,9.1,3.9,1,0.7,15.8,6.5,0.9,1.7,2.5,0.064,-3.2,0.2,-3,-0.5,9
"200",234,"Montrezl Harrell","C",29,"PHI",57,7,11.9,2.2,3.7,0.598,0,0.1,0,2.2,3.6,0.616,0.598,1.2,1.8,0.693,1.2,1.6,2.8,0.6,0.3,0.4,0.6,1.3,5.6,681,17.6,0.631,0.029,0.483,11.8,15.7,13.8,7.4,1.2,3.4,12.1,18.9,1.3,0.8,2.2,0.153,-0.9,-0.4,-1.3,0.1,10
"201",257,"Danuel House Jr.","SF",29,"PHI",56,5,14.4,1.7,3.5,0.472,0.7,2,0.336,1,1.6,0.644,0.566,0.8,1.1,0.75,0.2,1.5,1.7,0.8,0.3,0.2,0.5,1.2,4.8,807,9.4,0.6,0.558,0.305,1.3,12.2,6.9,7.5,0.9,1,10.4,13.8,0.6,0.7,1.3,0.075,-2.5,-0.5,-3,-0.2,11
"202",13,"Julian Champagnie","SF",21,"PHI",17,3,18.8,3.5,7.6,0.454,1.9,4.8,0.402,1.5,2.8,0.542,0.581,0.8,1,0.824,0.6,2.9,3.5,0.6,0.4,0.3,0.6,1.5,9.7,320,13.4,0.6,0.631,0.131,3.3,17.7,10.2,4.5,0.9,1.3,7.4,19.2,0.3,0.1,0.4,0.061,-0.6,-2.7,-3.3,-0.1,12
"203",463,"Jaden Springer","SG",20,"PHI",16,2,5.6,1.1,2.2,0.486,0.1,0.3,0.4,0.9,1.9,0.5,0.514,0.4,0.5,0.75,0.4,0.5,0.9,0.5,0.4,0.2,0.2,0.9,2.6,89,17.2,0.545,0.143,0.229,8.1,10.4,9.3,13.8,3.9,3.1,7.2,20.8,0.1,0.2,0.3,0.145,-2.6,2.9,0.3,0.1,13
"204",298,"Louis King","PF",23,"PHI",1,0,29,8,13,0.615,4,8,0.5,4,5,0.8,0.769,0,1,0,2,2,4,2,1,0,2,4,20,29,21.3,0.744,0.615,0.077,8.3,8,8.1,12.2,1.7,0,13,23.8,0.1,0,0.1,0.157,3.3,-1,2.3,0,14
"205",304,"Furkan Korkmaz","SG",25,"PHI",37,0,9.5,1.3,3,0.432,0.5,1.2,0.391,0.8,1.8,0.462,0.514,0.7,1,0.722,0.2,1,1.1,0.6,0.3,0.1,0.6,0.5,3.8,353,9.3,0.552,0.414,0.324,2,11.8,7,8.8,1.4,0.8,15.9,19.1,-0.2,0.3,0.1,0.019,-3.3,-1,-4.4,-0.2,15
"206",344,"Mac McClung","SG",24,"PHI",2,0,20.5,4.5,10,0.45,2,5.5,0.364,2.5,4.5,0.556,0.55,1.5,2.5,0.6,1.5,3.5,5,4.5,0,0,1.5,1.5,12.5,41,19.2,0.563,0.55,0.25,8.8,19.8,14.4,35.3,0,0,11.9,27.5,0.1,0,0.1,0.14,2.2,-1.7,0.5,0,16
"207",197,"Michael Foster Jr.","PF",20,"PHI",1,0,1,0,0,NA,0,0,NA,0,0,NA,NA,0,0,NA,0,0,0,0,0,0,0,0,0,1,0,NA,NA,NA,0,0,0,0,0,0,NA,0,0,0,0,0.01,-7.2,-1.9,-9.2,0,17
"208",310,"Jock Landale","C",27,"PHO",69,4,14.2,2.6,4.9,0.528,0.3,1.2,0.25,2.3,3.7,0.621,0.559,1.1,1.5,0.752,1.7,2.3,4.1,1,0.2,0.4,0.9,1.8,6.6,979,16.4,0.595,0.249,0.312,13.2,18.6,15.8,10.1,0.8,2.7,13.3,19.3,1.5,1.2,2.7,0.132,-0.7,-0.4,-1.1,0.2,9
"209",314,"Damion Lee","SG",30,"PHO",74,5,20.4,2.7,6.1,0.442,1.5,3.3,0.445,1.2,2.8,0.439,0.564,1.3,1.4,0.904,0.5,2.5,3,1.3,0.4,0.1,1.1,1.6,8.2,1506,10.7,0.607,0.546,0.23,2.8,14,8.3,8.9,1,0.4,13.5,16.3,1.1,1.4,2.6,0.081,-1.3,-0.4,-1.7,0.1,10
"210",103,"Bismack Biyombo","C",30,"PHO",61,14,14.3,2,3.4,0.578,0,0,NA,2,3.4,0.578,0.578,0.4,1.1,0.357,1.5,2.8,4.3,0.9,0.3,1.4,0.8,1.9,4.3,874,14.4,0.555,0,0.34,11,22.1,16.5,8.7,1,9,17.7,14,0.2,1.6,1.9,0.102,-3.4,2.5,-0.9,0.2,11
"211",495,"Ish Wainright","SF",28,"PHO",60,2,15.3,1.4,3.8,0.37,1,2.9,0.329,0.5,0.9,0.5,0.496,0.4,0.5,0.839,0.8,1.6,2.3,0.9,0.6,0.4,0.4,2,4.2,915,9.2,0.522,0.762,0.137,5.3,11.6,8.4,7.4,2,2.2,8.4,12.2,0.5,1.2,1.7,0.089,-2.7,1.5,-1.2,0.2,12
"212",58,"Terrence Ross","SG",31,"PHO",63,9,21.1,3.2,7.4,0.43,1.5,4.1,0.368,1.7,3.3,0.507,0.532,0.4,0.5,0.794,0.3,2.1,2.4,1.5,0.6,0.2,0.7,1.5,8.3,1330,10.2,0.544,0.555,0.073,1.8,11.2,6.5,10.2,1.3,0.7,8.2,16.8,0.5,1.2,1.6,0.059,-1.8,-0.3,-2.1,0,13
"213",67,"T.J. Warren","PF-SF",29,"PHO",42,0,16.4,3.1,6.4,0.489,0.5,1.6,0.328,2.6,4.8,0.542,0.53,0.7,0.8,0.8,0.6,2.3,2.9,1,0.5,0.3,0.5,1.5,7.5,687,13.5,0.55,0.248,0.13,4.2,15.4,9.8,8.7,1.6,1.5,6.5,19.5,0.4,0.8,1.2,0.081,-1.7,-0.2,-2,0,14
"214",446,"Landry Shamet","SG",25,"PHO",40,9,20.2,2.8,7.5,0.377,1.9,5,0.377,1,2.5,0.376,0.502,1.1,1.3,0.882,0.3,1.4,1.7,2.3,0.7,0.1,0.9,1.5,8.7,807,10.9,0.537,0.663,0.17,1.5,7.9,4.6,15.7,1.6,0.6,10,18.9,0.5,0.7,1.2,0.071,-1.1,-0.3,-1.4,0.1,15
"215",398,"Cameron Payne","PG",28,"PHO",48,15,20.2,3.9,9.4,0.415,1.4,3.9,0.368,2.5,5.6,0.448,0.49,1,1.3,0.766,0.3,2,2.2,4.5,0.7,0.2,1.7,1.8,10.3,968,13.2,0.512,0.408,0.141,1.3,11,6.1,32.6,1.7,0.7,14.4,24.8,0,1,1.1,0.053,-0.5,-0.7,-1.2,0.2,16
"216",4,"Darius Bazley","C",22,"PHO",43,1,14.3,1.9,4.3,0.454,0.5,1.2,0.377,1.5,3,0.485,0.508,0.9,1.6,0.543,0.8,2.4,3.2,0.9,0.5,0.8,0.6,1,5.2,616,13.1,0.524,0.29,0.383,5.8,18.5,12.1,8.3,1.7,5.1,11.2,16.4,0.1,0.9,1,0.078,-2,1,-1,0.2,17
"217",40,"Saben Lee","PG",23,"PHO",25,1,14.9,2,4.8,0.405,0.4,1.2,0.367,1.5,3.6,0.418,0.45,1.7,2.3,0.737,0.5,1.3,1.8,2.7,0.8,0,1,1.3,6,373,13.1,0.517,0.248,0.471,3.8,9.7,6.7,24.3,2.5,0.2,14.1,19.5,0.2,0.4,0.7,0.088,-2.7,0.9,-1.8,0,18
"218",500,"Duane Washington Jr.","SG",22,"PHO",31,3,12.7,3,8.3,0.367,1.3,3.6,0.36,1.7,4.7,0.372,0.445,0.5,0.8,0.667,0.1,1.1,1.2,2,0.2,0.1,1.1,0.7,7.9,394,9.3,0.458,0.434,0.094,0.6,9.8,5.1,25.2,0.7,0.9,11.3,32.5,-0.8,0.3,-0.5,-0.065,-1.8,-2.8,-4.6,-0.3,19
"219",448,"Shaedon Sharpe","SG",19,"POR",80,15,22.2,3.8,8.1,0.472,1.3,3.5,0.36,2.6,4.6,0.559,0.551,0.9,1.3,0.714,0.8,2.2,3,1.2,0.5,0.3,1,1.7,9.9,1779,11.5,0.568,0.437,0.162,4,11.3,7.6,7.9,1,1.2,10.7,19,0.6,0.6,1.2,0.032,-1.3,-2,-3.3,-0.6,9
"220",52,"Gary Payton II","SG",30,"POR",22,1,16.7,1.9,3.1,0.594,0.6,1.2,0.5,1.3,2,0.651,0.688,0.3,0.3,0.857,1.1,2,3.1,1.4,1,0.2,0.7,2,4.6,367,13.3,0.701,0.377,0.101,7.4,13.9,10.6,11,2.9,1.2,18.2,10.3,0.6,0.4,1,0.125,-1.2,1.5,0.3,0.2,10
"221",55,"Cam Reddish","SF",23,"POR",40,20,24.8,3.5,7.8,0.446,1.1,3.6,0.313,2.4,4.2,0.56,0.518,1.6,1.9,0.853,0.5,1.8,2.2,1.4,1,0.4,1.2,1.8,9.7,990,10.6,0.561,0.462,0.24,2,8.1,5,8.1,1.9,1.3,12,17.1,0.3,0.7,0.9,0.046,-2.6,-0.8,-3.4,-0.4,11
"222",38,"Kevin Knox","SF-PF",23,"POR",63,5,15.1,2.4,5.3,0.458,1,3,0.349,1.4,2.3,0.596,0.556,0.7,1,0.767,0.5,2.3,2.8,0.5,0.4,0.2,0.8,1.5,6.6,952,11.1,0.579,0.56,0.181,3.9,17.3,10.5,5.2,1.2,1.1,12.2,18.4,0.2,0.5,0.7,0.034,-2.1,-1.4,-3.5,-0.4,12
"223",321,"Nassir Little","SF",22,"POR",54,4,18.1,2.5,5.6,0.442,1.1,2.9,0.367,1.4,2.7,0.524,0.538,0.6,0.9,0.717,0.5,2.1,2.6,0.9,0.4,0.4,0.7,1.2,6.6,976,10.2,0.555,0.521,0.152,3.2,13.5,8.3,7.3,1,1.8,10,16,0.2,0.4,0.7,0.032,-1.6,-1.4,-3,-0.3,13
"224",342,"Skylar Mays","PG",25,"POR",6,6,31.5,5.7,11.3,0.5,2,4.3,0.462,3.7,7,0.524,0.588,2,2.2,0.923,0.3,2.8,3.2,8.3,1,0.2,1.7,1.8,15.3,189,19.4,0.624,0.382,0.191,1.2,10.4,5.8,40,1.5,0.5,11.9,19.3,0.6,0.1,0.7,0.171,2.1,-2.1,0,0.1,14
"225",529,"Justise Winslow","PF",26,"POR",29,11,26.8,2.8,6.8,0.409,0.5,1.6,0.311,2.3,5.3,0.438,0.444,0.7,1,0.714,1.7,3.3,5,3.4,1,0.4,1.5,3.1,6.8,776,9.3,0.466,0.227,0.141,7.2,14.3,10.7,17.2,1.9,1.3,17,14.2,-0.1,0.5,0.4,0.022,-3.4,0.6,-2.8,-0.2,15
"226",239,"Shaquille Harrison","SG",29,"POR",5,0,24,3,7.2,0.417,0.6,2,0.3,2.4,5.2,0.462,0.458,2.2,3,0.733,0.2,4.2,4.4,6,2.2,0.4,1.2,2.4,8.8,120,17.9,0.516,0.278,0.417,1,20.3,10.5,34.9,4.5,1.5,12.3,17.6,0.2,0.2,0.3,0.137,-2.5,2.6,0.1,0.1,16
"227",520,"Jeenathan Williams","SG",23,"POR",5,4,25.4,4.8,7.8,0.615,0.6,1.6,0.375,4.2,6.2,0.677,0.654,0.4,0.6,0.667,2,1,3,2,0.6,0.4,0.8,2.6,10.6,127,15.5,0.657,0.205,0.077,9,4.6,6.8,12.1,1.2,1.4,9,15.2,0.3,0,0.3,0.12,-1,-2.1,-3,0,17
"228",496,"Jabari Walker","SF",20,"POR",56,0,11.1,1.5,3.5,0.419,0.3,1,0.286,1.2,2.5,0.472,0.46,0.6,0.8,0.756,0.9,1.5,2.3,0.6,0.2,0.2,0.5,1.2,3.9,619,9.6,0.496,0.283,0.227,8.8,15.5,12.2,7.8,0.8,1.9,11.8,17.3,-0.1,0.3,0.2,0.015,-3.9,-2.1,-6.1,-0.6,18
"229",132,"John Butler","C",20,"POR",19,1,11.6,0.9,2.8,0.321,0.4,1.8,0.229,0.5,0.9,0.5,0.396,0.2,0.2,0.75,0.2,0.7,0.9,0.6,0.4,0.5,0.1,1.2,2.4,221,5.7,0.411,0.66,0.075,1.5,7.3,4.4,6.5,1.5,3.6,1.8,11,-0.1,0.1,0,0.001,-5.4,-0.8,-6.2,-0.2,19
"230",152,"Chance Comanche","C",26,"POR",1,0,21,3,5,0.6,0,0,NA,3,5,0.6,0.6,1,4,0.25,2,1,3,0,0,1,0,0,7,21,12.2,0.518,0,0.8,10.9,5.5,8.2,0,0,4.2,0,14,0,0,0,0.043,-2.6,-4.9,-7.5,0,20
"231",121,"Greg Brown III","PF",21,"POR",16,0,5.8,0.7,1.8,0.393,0.1,0.4,0.143,0.6,1.3,0.476,0.411,0.3,0.8,0.417,0.1,1.1,1.2,0.2,0.3,0.3,0.4,0.8,1.8,93,5.8,0.421,0.25,0.429,2.5,21.2,11.7,4.5,2.1,4.8,15.3,18.4,-0.3,0.1,-0.1,-0.074,-8.5,0,-8.5,-0.2,21
"232",359,"Justin Minaya","SF",23,"POR",4,0,22.3,1.8,5.8,0.304,0.8,3,0.25,1,2.8,0.364,0.37,0,0.3,0,0.8,3,3.8,1,0.5,1.3,1,2.3,4.3,89,4,0.363,0.522,0.043,3.8,15.6,9.7,5.9,1.1,5,14.6,13.4,-0.2,0.1,-0.1,-0.067,-7.2,-1.9,-9,-0.2,22
"233",1,"Ryan Arcidiacono","PG",28,"POR",20,4,8.6,0.5,1.9,0.243,0.4,1.2,0.348,0.1,0.7,0.071,0.351,0,0,NA,0,0.8,0.8,1.2,0.3,0,0.4,0.9,1.3,172,2.7,0.351,0.622,0,0,10,5,16.9,1.4,0,15.9,11.1,-0.2,0.1,-0.2,-0.043,-7.3,-1.5,-8.8,-0.3,23
"234",281,"Keon Johnson","SG",20,"POR",40,0,10.4,1.7,4.5,0.376,0.7,2,0.346,1,2.4,0.402,0.455,0.7,1,0.659,0.3,0.8,1.1,1.5,0.5,0.2,1.1,1.1,4.7,416,9,0.482,0.455,0.23,3,9.2,6.1,20.9,2.2,1.3,18,25,-0.7,0.2,-0.5,-0.057,-3.8,-1.6,-5.4,-0.4,24
"235",361,"Davion Mitchell","PG",24,"SAC",80,9,18.1,2.3,5,0.454,0.8,2.5,0.32,1.5,2.5,0.584,0.533,0.3,0.4,0.806,0.2,1.1,1.3,2.3,0.6,0.2,0.8,1.4,5.6,1447,9.4,0.545,0.494,0.078,1.3,7,4.1,16.5,1.5,0.9,13.1,14.1,0.7,0.8,1.5,0.05,-2.4,-0.4,-2.8,-0.3,9
"236",165,"Terence Davis","SG",25,"SAC",64,5,13.1,2.4,5.7,0.423,1.4,3.8,0.366,1,1.9,0.537,0.545,0.5,0.7,0.791,0.3,1.9,2.2,1,0.7,0.2,0.8,1.6,6.7,841,12.9,0.563,0.668,0.118,2.7,16.1,9.4,11.1,2.4,1.2,12.2,22.2,0,0.9,0.9,0.054,-1.3,-0.3,-1.5,0.1,10
"237",254,"Richaun Holmes","C",29,"SAC",42,1,8.3,1.3,2.1,0.618,0.1,0.2,0.625,1.2,1.9,0.617,0.646,0.4,0.5,0.789,0.7,1.2,1.9,0.2,0.1,0.3,0.3,1.2,3.1,348,12.9,0.668,0.09,0.213,9.6,16.6,13.1,3.5,0.4,2.8,12.6,13.7,0.6,0.3,0.8,0.113,-2,-0.9,-2.9,-0.1,11
"238",20,"Kessler Edwards","SF",22,"SAC",36,4,10.7,1,2.6,0.387,0.5,1.5,0.309,0.5,1.1,0.5,0.478,0.3,0.4,0.733,0.6,1.1,1.7,0.6,0.4,0.2,0.4,1.1,2.8,385,8.4,0.502,0.591,0.161,6.9,11.1,9,7.5,1.7,1.4,11.5,12.7,0.1,0.3,0.4,0.048,-3.2,-0.7,-3.9,-0.2,12
"239",315,"Alex Len","C",29,"SAC",26,2,6.2,0.6,1.2,0.533,0,0.1,0,0.6,1.1,0.571,0.533,0.4,0.6,0.688,0.9,1.4,2.3,0.5,0.2,0.4,0.6,1.1,1.7,161,12.8,0.58,0.067,0.533,17.2,25.4,21.3,9.3,1.2,6,30.2,14.1,0.1,0.2,0.3,0.085,-4.9,0.9,-4,-0.1,13
"240",392,"KZ Okpala","PF",23,"SAC",35,3,7.1,0.5,1.1,0.421,0.2,0.6,0.333,0.3,0.5,0.529,0.513,0.2,0.2,0.875,0.2,0.8,1,0.4,0.2,0.2,0.2,1.1,1.3,248,6.2,0.554,0.553,0.211,3.2,12.4,7.8,6.3,1.4,2.5,14.4,8.4,0.1,0.2,0.3,0.057,-4.3,1.1,-3.2,-0.1,14
"241",190,"Keon Ellis","SG",23,"SAC",16,0,4.4,0.4,1,0.438,0.4,0.8,0.5,0.1,0.3,0.25,0.625,0.3,0.4,0.571,0.3,0.3,0.5,0.4,0.3,0.1,0.1,0.6,1.5,71,14,0.629,0.75,0.438,6.5,6.4,6.4,10.5,3.4,1.2,5,12.1,0.2,0.1,0.2,0.162,-0.1,1.4,1.3,0.1,15
"242",168,"Matthew Dellavedova","PG",32,"SAC",32,0,6.7,0.5,1.6,0.34,0.3,0.8,0.333,0.3,0.7,0.348,0.43,0.1,0.2,0.571,0,0.4,0.4,1.3,0.2,0,0.3,0.6,1.5,213,6.7,0.443,0.54,0.14,0.5,6.4,3.5,23.4,1.6,0,15.9,12.7,0,0.1,0.1,0.021,-4.4,-0.8,-5.2,-0.2,16
"243",416,"Neemias Queta","C",23,"SAC",5,0,5.8,1.2,1.8,0.667,0,0,NA,1.2,1.8,0.667,0.667,0,0.4,0,1,1.2,2.2,0.2,0,0.4,0.2,1.4,2.4,29,17,0.607,0,0.222,19.8,23.5,21.7,5,0,6,9.2,16.1,0.1,0,0.1,0.149,-2.6,-0.8,-3.4,0,17
"244",129,"Deonte Burton","PF",29,"SAC",2,0,3,0,1,0,0,0.5,0,0,0.5,0,0,0,0,NA,0,0,0,0,0,0,0,0,0,6,-12.6,0,0.5,0,0,0,0,0,0,0,0,14.3,0,0,0,-0.347,-13.9,-10.4,-24.2,0,18
"245",365,"Chima Moneke","SF",27,"SAC",2,0,4,0.5,1,0.5,0,0,NA,0.5,1,0.5,0.5,0,1,0,1,0,1,0.5,0,0,1,1,1,8,-3.5,0.347,0,1,28.8,0,14.3,16.1,0,0,41,26.2,0,0,0,-0.288,-12.7,-8,-20.7,0,19
"246",182,"PJ Dozier","SF",26,"SAC",16,0,4.9,0.6,2.1,0.303,0.1,1,0.125,0.5,1.1,0.471,0.333,0,0,NA,0.1,0.8,0.9,0.6,0.4,0.1,0.3,0.4,1.4,79,5.2,0.333,0.485,0,1.5,18.7,10.1,16.3,3.6,1.1,13.2,20.6,-0.3,0.1,-0.2,-0.097,-8.6,0.7,-7.8,-0.1,20
"247",348,"Doug McDermott","SF",31,"SAS",64,0,20.5,3.7,8.2,0.457,1.9,4.7,0.413,1.8,3.5,0.516,0.575,0.8,1.1,0.757,0.4,1.8,2.2,1.4,0.2,0.1,0.9,1.8,10.2,1314,11.2,0.59,0.57,0.134,1.9,9.9,5.8,9.8,0.5,0.4,9.5,19.2,1,0,1,0.035,-0.7,-2.5,-3.2,-0.4,9
"248",92,"Dominick Barlow","PF",19,"SAS",28,0,14.6,1.6,3.1,0.535,0,0.1,0,1.6,2.9,0.561,0.535,0.6,0.9,0.72,1.6,2,3.6,0.9,0.4,0.7,0.5,2,3.9,408,12.4,0.567,0.047,0.291,11.9,15.6,13.7,7.6,1.2,3.8,13.4,11.3,0.5,0.2,0.7,0.082,-3.7,-0.8,-4.6,-0.3,10
"249",282,"Stanley Johnson","SF",26,"SAS",30,0,15.6,2.2,4.1,0.533,0.6,1.3,0.45,1.6,2.7,0.573,0.607,0.9,1.3,0.667,0.7,2.4,3.2,2.2,0.5,0.2,1.1,1.6,5.8,469,13.5,0.625,0.328,0.32,4.9,17.7,11.1,19,1.6,1.1,19.2,15.2,0.5,0.3,0.7,0.076,-0.8,-0.2,-1,0.1,11
"250",311,"Romeo Langford","SG",23,"SAS",43,21,19.6,2.8,6,0.467,0.4,1.4,0.262,2.4,4.6,0.53,0.498,0.9,1.3,0.696,1.3,1.3,2.7,1.2,0.6,0.3,0.7,1.6,6.9,844,10.4,0.524,0.236,0.216,7.1,7.7,7.4,7.9,1.3,1.3,9.6,15.4,0.3,0.2,0.5,0.029,-2.6,-1.5,-4.2,-0.5,12
"251",462,"Jeremy Sochan","PF",19,"SAS",56,53,26,4.5,9.9,0.453,0.6,2.4,0.246,3.9,7.5,0.519,0.483,1.4,2.1,0.698,1.7,3.6,5.3,2.5,0.8,0.4,1.7,2.5,11,1458,11.4,0.509,0.243,0.21,6.9,15.6,11,13.6,1.4,1.3,13.9,19.8,-0.5,0.7,0.2,0.005,-2.8,-1.2,-4,-0.7,13
"252",173,"Gorgui Dieng","C",33,"SAS",31,1,11.5,1.5,3.8,0.385,0.7,2.4,0.28,0.8,1.4,0.571,0.474,0.3,0.4,0.769,0.9,2.6,3.5,1.7,0.1,0.5,1,1.8,3.9,358,9.9,0.493,0.641,0.111,7.9,25.4,16.3,19.4,0.5,3.2,20.7,17.9,-0.2,0.2,0,0.001,-4,0.1,-3.9,-0.2,14
"253",114,"Malaki Branham","SG",19,"SAS",66,32,23.5,4.1,9.3,0.44,1.2,3.9,0.302,2.9,5.4,0.539,0.503,0.9,1.1,0.829,0.4,2.3,2.7,1.9,0.5,0.1,1.2,1.7,10.2,1550,9.5,0.524,0.417,0.115,1.9,11.2,6.4,11.4,1,0.4,10.6,19.1,-0.4,0.2,-0.1,-0.004,-3,-2.1,-5.2,-1.3,15
"254",229,"Jordan Hall","SF",21,"SAS",9,0,9.2,1,3.1,0.321,0.3,1.7,0.2,0.7,1.4,0.462,0.375,0.8,1,0.778,0.3,1,1.3,1.2,0.1,0,0.8,0.7,3.1,83,5.5,0.438,0.536,0.321,3.8,12.3,7.9,17,0.6,0,18,19.4,-0.1,0,-0.1,-0.077,-4.7,-2.9,-7.6,-0.1,16
"255",277,"Alize Johnson","PF",26,"SAS",4,0,7.5,0.8,1.5,0.5,0,0.5,0,0.8,1,0.75,0.5,0.3,0.5,0.5,0.5,2,2.5,0.3,0.3,0,1,0.8,1.8,30,4.3,0.509,0.333,0.333,7,30.3,18.2,4.2,1.6,0,36.8,15,-0.1,0,-0.1,-0.099,-7.4,-1.7,-9.1,-0.1,17
"256",412,"Joshua Primo","SG",20,"SAS",4,0,23.3,2.3,6.5,0.346,0.8,3,0.25,1.5,3.5,0.429,0.404,1.8,2.3,0.778,0.5,2.8,3.3,4.5,0.3,0.5,2.8,2,7,93,6.1,0.467,0.462,0.346,2.3,13.4,7.6,24.4,0.5,1.8,26.9,18.2,-0.2,0,-0.1,-0.073,-4.7,-1.6,-6.3,-0.1,18
"257",430,"Isaiah Roby","PF",24,"SAS",42,2,11.3,1.6,3.7,0.432,0.4,1.4,0.3,1.2,2.3,0.516,0.49,0.5,1,0.488,0.5,2,2.5,0.9,0.4,0.2,0.7,1.3,4.1,474,9.3,0.497,0.387,0.265,4.7,20.6,12.3,10.7,1.8,1.2,15.2,17.8,-0.4,0.3,-0.1,-0.011,-4,-0.6,-4.6,-0.3,19
"258",507,"Blake Wesley","SG",19,"SAS",37,1,18.1,1.9,5.8,0.321,0.5,1.4,0.385,1.3,4.4,0.301,0.367,0.7,1.2,0.591,0.3,1.9,2.2,2.7,0.7,0.1,1.8,1.8,5,669,3.5,0.393,0.242,0.205,1.7,11.9,6.6,18.8,1.8,0.6,21.7,18.5,-1.9,0.3,-1.6,-0.114,-7.9,-1.8,-9.6,-1.3,20
"259",534,"Thaddeus Young","PF",34,"TOR",54,9,14.7,2,3.7,0.545,0.1,0.6,0.176,1.9,3,0.622,0.561,0.3,0.5,0.692,1.3,1.8,3.1,1.4,1,0.1,0.8,1.6,4.4,795,14.1,0.573,0.172,0.131,9.4,14.6,11.8,12.9,3.4,0.6,16.7,13.5,0.7,1.1,1.8,0.109,-1.8,1.9,0.1,0.4,9
"260",302,"Christian Koloko","C",22,"TOR",58,19,13.8,1.2,2.6,0.48,0,0.2,0.083,1.2,2.4,0.514,0.483,0.6,1,0.627,1.4,1.5,2.9,0.5,0.4,1,0.3,2.2,3.1,802,11.4,0.517,0.08,0.393,11.1,13.3,12.1,5,1.3,6.9,10.2,10.4,0.7,1,1.7,0.104,-4.3,0.8,-3.5,-0.3,10
"261",246,"Juancho Hernangómez","PF",27,"TOR",42,10,14.6,1.1,2.7,0.421,0.4,1.6,0.254,0.7,1.1,0.66,0.496,0.2,0.4,0.563,0.6,2.3,2.9,0.6,0.4,0.1,0.4,1,2.9,614,7.6,0.504,0.588,0.14,4.6,19.1,11.3,5.2,1.3,0.9,11,9.4,0.1,0.6,0.7,0.053,-3.5,0.2,-3.3,-0.2,11
"262",193,"Malachi Flynn","PG",24,"TOR",53,2,13,1.6,4.6,0.36,0.9,2.5,0.353,0.8,2.1,0.367,0.457,0.5,0.6,0.758,0.3,1.2,1.4,1.3,0.4,0.1,0.5,1.2,4.6,691,8.7,0.479,0.55,0.136,2.3,10.8,6.2,13.7,1.5,0.6,8.9,17.4,0,0.5,0.5,0.034,-3.3,-0.8,-4.1,-0.4,12
"263",3,"Will Barton","SG",32,"TOR",56,2,17.7,2.5,6.5,0.379,1.2,3.2,0.367,1.3,3.3,0.391,0.47,0.7,0.8,0.787,0.3,2.2,2.4,2,0.5,0.2,0.9,1,6.8,993,10,0.493,0.495,0.129,1.7,13.5,7.7,15.4,1.4,1.1,11.1,18.9,-0.4,0.8,0.4,0.021,-2,-0.6,-2.6,-0.2,13
"264",91,"Dalano Banton","PG",23,"TOR",31,2,9,1.8,4.2,0.423,0.5,1.6,0.294,1.3,2.5,0.506,0.481,0.5,0.8,0.708,0.4,1.1,1.5,1.2,0.4,0.4,0.6,1.1,4.6,279,14.9,0.505,0.392,0.185,4.2,14.9,9.1,19.3,2.3,4.5,11.4,24.2,0,0.4,0.4,0.064,-1.1,0.6,-0.5,0.1,14
"265",181,"Jeff Dowtin","PG",25,"TOR",25,0,10.4,1,2.3,0.439,0.2,0.6,0.313,0.8,1.6,0.488,0.482,0.2,0.4,0.667,0.2,0.7,0.9,1.2,0.4,0.1,0.2,0.5,2.4,259,9.9,0.5,0.281,0.158,2.4,8,5,15.5,1.7,1.1,7.6,10.9,0.2,0.2,0.4,0.076,-2.8,0.9,-1.9,0,15
"266",405,"Otto Porter Jr.","SF",29,"TOR",8,2,18.3,1.9,3.8,0.5,0.8,2.1,0.353,1.1,1.6,0.692,0.6,1,1,1,0.8,1.6,2.4,1,1.4,0,0.5,0.9,5.5,146,14,0.656,0.567,0.267,4.3,10.9,7.4,7.2,3.7,0,10.7,11,0.2,0.2,0.4,0.142,-1.3,2,0.7,0.1,16
"267",102,"Khem Birch","C",30,"TOR",20,0,8.1,1,1.6,0.594,0.1,0.1,0.5,0.9,1.5,0.6,0.609,0.2,0.3,0.8,0.4,0.9,1.3,0.4,0.3,0.3,0.4,1.2,2.2,162,9.4,0.629,0.063,0.156,5.2,12.8,8.7,5.8,1.5,3,19,11.1,0.1,0.2,0.2,0.072,-4.6,1.1,-3.5,-0.1,17
"268",233,"Ron Harper Jr.","PF",22,"TOR",9,0,5.3,0.9,1.8,0.5,0.3,1,0.333,0.6,0.8,0.714,0.594,0.1,0.1,1,0.3,0.4,0.8,0.4,0,0.1,0,0.3,2.2,48,15.7,0.608,0.563,0.063,6.6,10.2,8.3,11.9,0,2,0,14.6,0.1,0,0.2,0.158,2.4,-1.2,1.2,0,18
"269",14,"Justin Champagnie","SF",21,"TOR",5,0,6.8,1,3,0.333,0.2,1,0.2,0.8,2,0.4,0.367,0,0,NA,0.6,1,1.6,0.8,0.2,0,0,0.4,2.2,34,10.3,0.367,0.333,0,9.6,17.1,13.1,16.3,1.4,0,0,19.2,0,0,0,0.009,-5.1,-2.8,-7.9,-0.1,19
"270",511,"Joe Wieskamp","SF",23,"TOR",9,0,5.6,0.3,1.6,0.214,0.3,1.3,0.25,0,0.2,0,0.321,0,0,NA,0,0.4,0.4,0.3,0,0,0.1,0.3,1,50,-0.4,0.321,0.857,0,0,9.8,4.5,7.4,0,0,6.7,12.8,-0.1,0,-0.1,-0.076,-7,-3.6,-10.6,-0.1,20
"271",5,"Malik Beasley","SG",26,"UTA",81,27,25.8,4.6,11.6,0.395,2.9,8.1,0.357,1.7,3.4,0.484,0.52,0.6,0.8,0.769,0.4,3.1,3.5,1.5,0.8,0.1,1.1,1.3,12.7,2093,10.9,0.531,0.702,0.069,1.8,12.5,7.3,8.4,1.5,0.4,8.5,21.1,-0.2,1.6,1.4,0.032,-0.9,-1,-2,0,9
"272",73,"Ochai Agbaji","SG",22,"UTA",59,22,20.5,2.8,6.5,0.427,1.4,3.9,0.355,1.4,2.7,0.532,0.532,0.9,1.2,0.812,0.7,1.3,2.1,1.1,0.3,0.3,0.7,1.7,7.9,1209,9.5,0.561,0.591,0.179,3.9,6.9,5.4,7.5,0.6,1,9,15.8,0.9,0.4,1.3,0.053,-1.7,-1.4,-3,-0.3,10
"273",35,"Damian Jones","C",27,"UTA",41,1,11.6,1.3,2.1,0.64,0.2,0.4,0.588,1.1,1.7,0.652,0.698,0.5,0.7,0.759,1,2,3,0.4,0.2,0.5,0.6,1.3,3.5,477,12.9,0.719,0.198,0.337,9.7,17.7,13.8,4.1,0.8,3.7,18.9,10.7,0.7,0.5,1.2,0.119,-2,0.3,-1.7,0,11
"274",0,"Nickeil Alexander-Walker","SG",24,"UTA",59,3,15,2.2,5,0.444,1,2.7,0.384,1.2,2.3,0.515,0.547,0.7,1,0.667,0.3,1.5,1.7,1.8,0.5,0.4,0.9,1.5,6.2,884,11.6,0.565,0.539,0.203,1.9,10.5,6.3,16.7,1.7,2,14.6,17.9,0.3,0.8,1.1,0.062,-1.4,0.4,-0.9,0.2,12
"275",85,"Udoka Azubuike","C",23,"UTA",36,4,10,1.6,2,0.819,0,0,NA,1.6,2,0.819,0.819,0.2,0.6,0.35,0.9,2.4,3.3,0.3,0.2,0.4,0.5,0.9,3.5,359,16.1,0.774,0,0.278,9.5,26.1,17.9,4.3,0.8,3.5,18.2,11.5,0.6,0.4,1,0.134,-1.2,0.5,-0.6,0.1,13
"276",256,"Talen Horton-Tucker","SG",22,"UTA",65,20,20.2,4,9.4,0.419,0.9,3.1,0.286,3.1,6.3,0.485,0.467,1.9,2.6,0.75,0.6,2.6,3.2,3.8,0.6,0.4,1.9,1.7,10.7,1313,13.7,0.508,0.331,0.274,3.4,13.7,8.6,27.4,1.5,1.9,15.5,25.9,-0.3,1.1,0.8,0.029,-1.1,-0.5,-1.6,0.2,14
"277",65,"Juan Toscano-Anderson","SF",29,"UTA",52,9,13.5,1.2,2.8,0.448,0.2,0.8,0.186,1.1,1.9,0.56,0.476,0.4,0.5,0.792,0.5,1.8,2.4,1.3,0.3,0.2,0.7,1.5,3,700,7.2,0.505,0.301,0.168,4.4,14.4,9.5,11.8,1.1,1.2,18.1,11.3,-0.1,0.6,0.5,0.038,-4.6,0.8,-3.8,-0.3,15
"278",206,"Rudy Gay","PF",36,"UTA",56,0,14.6,1.9,5.1,0.38,0.6,2.3,0.254,1.4,2.8,0.484,0.437,0.8,0.9,0.857,0.6,2.3,2.9,1,0.3,0.3,0.7,1.2,5.2,816,9,0.475,0.453,0.171,4.4,17,10.8,9.4,1.1,1.9,10.7,17.7,-0.4,0.7,0.3,0.018,-3.6,-0.4,-4,-0.4,16
"279",408,"Micah Potter","PF",24,"UTA",7,0,7.4,1.4,2.1,0.667,0.6,1,0.571,0.9,1.1,0.75,0.8,0,0,NA,0.4,1.9,2.3,0.6,0.1,0,0.3,0.7,3.4,52,18.6,0.8,0.467,0,6.3,26.7,16.6,11.2,0.9,0,11.8,13.7,0.2,0,0.2,0.186,2.4,1.2,3.5,0.1,17
"280",437,"Luka Šamanić","PF",23,"UTA",7,4,23,3.7,8.1,0.456,1.1,4.4,0.258,2.6,3.7,0.692,0.526,1.3,1.9,0.692,0,4.3,4.3,2.1,0.9,0.3,1.4,2.4,9.9,161,11,0.55,0.544,0.228,0,19.9,10.1,13,1.8,1.1,13.8,18.9,0,0.2,0.2,0.045,-3.2,1.1,-2.1,0,18
"281",115,"Jarrell Brantley","PF",26,"UTA",4,0,9.8,2,3.5,0.571,1,2.3,0.444,1,1.3,0.8,0.714,0.5,0.5,1,0.3,1.3,1.5,0.8,0,0.5,0.5,0.8,5.5,39,18.5,0.739,0.643,0.143,2.8,13.7,8.3,11.4,0,4.3,11.8,18.1,0.1,0,0.1,0.16,3.1,0.4,3.5,0.1,19
"282",269,"Frank Jackson","PG",24,"UTA",1,0,5,0,3,0,0,1,0,0,2,0,0,0,0,NA,1,1,2,1,0,0,0,0,0,5,-6.8,0,0.333,0,21.9,21.3,21.6,22.7,0,0,0,25.1,0,0,0,-0.378,-12.5,-9.8,-22.2,0,20
"283",194,"Simone Fontecchio","SF",27,"UTA",52,6,14.7,2.2,6,0.369,1.2,3.7,0.33,1,2.3,0.43,0.47,0.7,0.8,0.795,0.6,1.1,1.7,0.8,0.3,0.2,0.8,1.2,6.3,766,8,0.495,0.612,0.141,4.4,7.7,6.1,7.5,0.9,0.9,10.5,20.2,-0.4,0.3,-0.1,-0.004,-3,-2.1,-5.2,-0.6,21
"284",293,"Johnny Juzang","SG",21,"UTA",18,0,12.9,1.9,5.8,0.337,0.8,3.5,0.238,1.1,2.3,0.488,0.409,0.1,0.2,0.5,0.4,1.7,2.2,0.4,0.2,0.2,0.2,0.7,4.8,232,6.5,0.411,0.606,0.038,3.8,14.3,9.1,4.7,0.8,1.1,2.8,19.6,-0.3,0.1,-0.2,-0.032,-4.3,-2.2,-6.5,-0.3,22
"285",108,"Leandro Bolmaro","SF",22,"UTA",14,0,4.9,0.2,1.4,0.15,0,0.3,0,0.2,1.1,0.188,0.15,0,0,NA,0.3,0.2,0.5,0.5,0.2,0.1,0.5,0.7,0.4,68,-5,0.15,0.2,0,6.5,4.7,5.6,12.3,2.1,1.2,25.9,16.6,-0.4,0,-0.3,-0.231,-12.4,-2.3,-14.7,-0.2,23
"286",26,"Rui Hachimura","PF",24,"WAS",63,9,23.3,4.5,9.3,0.486,0.8,2.5,0.319,3.7,6.7,0.55,0.53,1.4,1.9,0.739,0.8,3.7,4.5,0.9,0.3,0.4,0.8,1.1,11.2,1466,13.2,0.556,0.274,0.204,4.1,16.5,10.5,5.8,0.6,1.5,7.7,20.2,0.6,1.3,1.8,0.06,-1.3,-1,-2.2,-0.1,9
"287",211,"Anthony Gill","PF",30,"WAS",59,8,10.6,1.2,2.2,0.538,0.1,0.5,0.138,1.1,1.7,0.65,0.553,0.8,1.1,0.731,0.6,1.1,1.7,0.6,0.1,0.2,0.3,1.2,3.3,624,11.1,0.604,0.22,0.508,6.9,10.6,8.8,7.2,0.5,1.6,8.5,12.3,1,0.4,1.3,0.101,-2.4,-0.9,-3.3,-0.2,10
"288",308,"Kyle Kuzma","PF",27,"WAS",64,64,35,8,17.8,0.448,2.5,7.5,0.333,5.5,10.3,0.533,0.518,2.7,3.7,0.73,0.9,6.4,7.2,3.7,0.6,0.5,3,2.3,21.2,2239,14.3,0.544,0.421,0.208,2.8,19.5,11.5,16.5,0.8,1.1,13.2,27.9,-1,1.9,0.9,0.019,-0.2,-1.5,-1.7,0.2,11
"289",208,"Taj Gibson","C",37,"WAS",49,2,9.8,1.3,2.6,0.52,0.2,0.5,0.333,1.2,2.1,0.564,0.552,0.6,0.9,0.714,0.7,1.2,1.9,0.7,0.3,0.2,0.5,1.7,3.4,480,11.4,0.585,0.192,0.336,7.7,13.6,10.8,9.6,1.5,2.1,15.3,15.3,0.4,0.5,0.8,0.082,-3.6,0.5,-3.2,-0.1,12
"290",261,"Jay Huff","C",24,"WAS",7,0,13.6,2.1,3.6,0.6,0.9,1.7,0.5,1.3,1.9,0.692,0.72,2.1,2.3,0.938,0.9,2.1,3,1.4,0.4,0.6,0.7,2.1,7.3,95,22.3,0.796,0.48,0.64,7.3,16.9,12.3,14.7,1.5,3.6,13.5,16.9,0.4,0.1,0.5,0.261,2.8,1.2,4,0.1,13
"291",49,"Kendrick Nunn","SG",27,"WAS",70,2,13.8,2.7,6.4,0.424,1.1,3.2,0.354,1.6,3.2,0.493,0.512,0.5,0.6,0.854,0.2,1.3,1.6,1.3,0.4,0.1,0.9,0.9,7.1,964,11.1,0.53,0.496,0.091,1.8,10.3,6.2,13.8,1.4,0.6,12.4,23.7,-0.6,0.8,0.2,0.008,-2,-1.5,-3.5,-0.4,14
"292",154,"Xavier Cooks","PF",27,"WAS",10,1,12.6,1.7,2.8,0.607,0,0.1,0,1.7,2.7,0.63,0.607,0.4,1,0.4,1.6,2.2,3.8,0.6,0.6,0.4,0.8,1.3,3.8,126,14.3,0.586,0.036,0.357,14.7,18.7,16.8,6.4,2.3,2.7,19.8,13.9,0.1,0.2,0.2,0.094,-3.2,-0.4,-3.6,-0.1,15
"293",273,"Quenton Jackson","PG",24,"WAS",9,0,15,2.1,4.7,0.452,0.1,1.3,0.083,2,3.3,0.6,0.464,1.9,2.4,0.773,0.2,0.7,0.9,1.7,0.4,0.1,0.4,1.1,6.2,135,12.2,0.542,0.286,0.524,1.7,4.8,3.3,15.1,1.4,0.6,7.2,17.9,0.1,0.1,0.2,0.078,-3.7,-1.5,-5.1,-0.1,16
"294",9,"Jamaree Bouyea","PG",23,"WAS",5,0,14.2,1.2,2.8,0.429,0.4,1.2,0.333,0.8,1.6,0.5,0.5,0.2,0.4,0.5,0.2,1,1.2,0.8,0.8,0.4,0.8,1.2,3,71,6.5,0.504,0.429,0.143,1.6,8.4,4.9,7.8,2.8,2.9,21.2,11.8,-0.1,0.1,0,0.013,-5.8,1.6,-4.2,0,17
"295",138,"Vernon Carey Jr.","C",21,"WAS",11,0,2.5,0.2,0.7,0.25,0,0,NA,0.2,0.7,0.25,0.25,0.2,0.2,1,0.3,0.7,1,0.3,0.2,0.2,0.2,0.5,0.5,28,10.8,0.338,0,0.25,12.4,30.6,21.8,13.3,3.5,6,18.4,16.9,-0.1,0.1,0,0.014,-7.1,2.1,-5,0,18
"296",180,"Devon Dotson","PG",23,"WAS",6,0,8.8,0.2,1.7,0.1,0.2,0.7,0.25,0,1,0,0.15,0,0,NA,1,0.7,1.7,1.3,0.8,0,0.5,1.5,0.5,53,4.8,0.15,0.4,0,13.1,8.1,10.5,17.6,4.6,0,23.1,10.7,-0.1,0.1,0,-0.025,-7,1.8,-5.3,0,19
"297",439,"Jordan Schakel","SF",24,"WAS",2,0,3,0.5,1,0.5,0.5,0.5,1,0,0.5,0,0.75,0,0,NA,0,0,0,0.5,0.5,0,0,0.5,1.5,6,24.3,0.75,0.5,0,0,0,0,23.5,8.1,0,0,14.5,0,0,0,0.314,7.7,9.3,17,0,20
"298",479,"Isaiah Todd","PF",21,"WAS",6,1,10.2,0.5,3.2,0.158,0.2,1.7,0.1,0.3,1.5,0.222,0.184,0.3,0.3,1,0.3,1.7,2,0.7,0.2,0,0.3,0.7,1.5,61,-1,0.226,0.526,0.105,3.8,17.6,10.9,7.9,0.8,0,9.1,15.6,-0.2,0,-0.2,-0.147,-10.3,-3.9,-14.2,-0.2,21
"299",164,"Johnny Davis","SG",20,"WAS",28,5,15.1,2.4,6.1,0.386,0.6,2.5,0.243,1.8,3.6,0.485,0.436,0.5,1,0.519,0.4,2,2.3,1,0.4,0.3,0.6,1.7,5.8,423,7.2,0.446,0.409,0.158,2.7,13.9,8.5,9.2,1.2,1.6,8.5,20.5,-0.6,0.3,-0.3,-0.033,-5.8,-1.7,-7.4,-0.6,22
